¹öÀü,TempID,MonsterStatType,Level,StatID,,,
b_0,1,Balance,1,500001,,,
b_0,2,Balance,2,500002,,,
b_0,3,Balance,3,500003,,,
b_0,4,Balance,4,500004,,,
b_0,5,Balance,5,500005,,,
b_0,6,Balance,6,500006,,,
b_0,7,Balance,7,500007,,,
b_0,8,Balance,8,500008,,,
b_0,9,Balance,9,500009,,,
b_0,10,Balance,10,500010,,,
b_0,11,Balance,11,500011,,,
b_0,12,Balance,12,500012,,,
b_0,13,Balance,13,500013,,,
b_0,14,Balance,14,500014,,,
b_0,15,Balance,15,500015,,,
b_0,16,Balance,16,500016,,,
b_0,17,Balance,17,500017,,,
b_0,18,Balance,18,500018,,,
b_0,19,Balance,19,500019,,,
b_0,20,Balance,20,500020,,,
b_0,21,Balance,21,500021,,,
b_0,22,Balance,22,500022,,,
b_0,23,Balance,23,500023,,,
b_0,24,Balance,24,500024,,,
b_0,25,Balance,25,500025,,,
b_0,26,Balance,26,500026,,,
b_0,27,Balance,27,500027,,,
b_0,28,Balance,28,500028,,,
b_0,29,Balance,29,500029,,,
b_0,30,Balance,30,500030,,,
b_0,31,Balance,31,500031,,,
b_0,32,Balance,32,500032,,,
b_0,33,Balance,33,500033,,,
b_0,34,Balance,34,500034,,,
b_0,35,Balance,35,500035,,,
b_0,36,Balance,36,500036,,,
b_0,37,Balance,37,500037,,,
b_0,38,Balance,38,500038,,,
b_0,39,Balance,39,500039,,,
b_0,40,Balance,40,500040,,,
b_0,41,Balance,41,500041,,,
b_0,42,Balance,42,500042,,,
b_0,43,Balance,43,500043,,,
b_0,44,Balance,44,500044,,,
b_0,45,Balance,45,500045,,,
b_0,46,Balance,46,500046,,,
b_0,47,Balance,47,500047,,,
b_0,48,Balance,48,500048,,,
b_0,49,Balance,49,500049,,,
b_0,50,Balance,50,500050,,,
b_0,51,Balance,51,500051,,,
b_0,52,Balance,52,500052,,,
b_0,53,Balance,53,500053,,,
b_0,54,Balance,54,500054,,,
b_0,55,Balance,55,500055,,,
b_0,56,Balance,56,500056,,,
b_0,57,Balance,57,500057,,,
b_0,58,Balance,58,500058,,,
b_0,59,Balance,59,500059,,,
b_0,60,Balance,60,500060,,,
b_0,61,Balance,61,500061,,,
b_0,62,Balance,62,500062,,,
b_0,63,Balance,63,500063,,,
b_0,64,Balance,64,500064,,,
b_0,65,Balance,65,500065,,,
b_0,66,Balance,66,500066,,,
b_0,67,Balance,67,500067,,,
b_0,68,Balance,68,500068,,,
b_0,69,Balance,69,500069,,,
b_0,70,Balance,70,500070,,,
b_0,71,Balance,71,500071,,,
b_0,72,Balance,72,500072,,,
b_0,73,Balance,73,500073,,,
b_0,74,Balance,74,500074,,,
b_0,75,Balance,75,500075,,,
b_0,76,Balance,76,500076,,,
b_0,77,Balance,77,500077,,,
b_0,78,Balance,78,500078,,,
b_0,79,Balance,79,500079,,,
b_0,80,Balance,80,500080,,,
b_0,81,BalancePower,1,501001,,,
b_0,82,BalancePower,2,501002,,,
b_0,83,BalancePower,3,501003,,,
b_0,84,BalancePower,4,501004,,,
b_0,85,BalancePower,5,501005,,,
b_0,86,BalancePower,6,501006,,,
b_0,87,BalancePower,7,501007,,,
b_0,88,BalancePower,8,501008,,,
b_0,89,BalancePower,9,501009,,,
b_0,90,BalancePower,10,501010,,,
b_0,91,BalancePower,11,501011,,,
b_0,92,BalancePower,12,501012,,,
b_0,93,BalancePower,13,501013,,,
b_0,94,BalancePower,14,501014,,,
b_0,95,BalancePower,15,501015,,,
b_0,96,BalancePower,16,501016,,,
b_0,97,BalancePower,17,501017,,,
b_0,98,BalancePower,18,501018,,,
b_0,99,BalancePower,19,501019,,,
b_0,100,BalancePower,20,501020,,,
b_0,101,BalancePower,21,501021,,,
b_0,102,BalancePower,22,501022,,,
b_0,103,BalancePower,23,501023,,,
b_0,104,BalancePower,24,501024,,,
b_0,105,BalancePower,25,501025,,,
b_0,106,BalancePower,26,501026,,,
b_0,107,BalancePower,27,501027,,,
b_0,108,BalancePower,28,501028,,,
b_0,109,BalancePower,29,501029,,,
b_0,110,BalancePower,30,501030,,,
b_0,111,BalancePower,31,501031,,,
b_0,112,BalancePower,32,501032,,,
b_0,113,BalancePower,33,501033,,,
b_0,114,BalancePower,34,501034,,,
b_0,115,BalancePower,35,501035,,,
b_0,116,BalancePower,36,501036,,,
b_0,117,BalancePower,37,501037,,,
b_0,118,BalancePower,38,501038,,,
b_0,119,BalancePower,39,501039,,,
b_0,120,BalancePower,40,501040,,,
b_0,121,BalancePower,41,501041,,,
b_0,122,BalancePower,42,501042,,,
b_0,123,BalancePower,43,501043,,,
b_0,124,BalancePower,44,501044,,,
b_0,125,BalancePower,45,501045,,,
b_0,126,BalancePower,46,501046,,,
b_0,127,BalancePower,47,501047,,,
b_0,128,BalancePower,48,501048,,,
b_0,129,BalancePower,49,501049,,,
b_0,130,BalancePower,50,501050,,,
b_0,131,BalancePower,51,501051,,,
b_0,132,BalancePower,52,501052,,,
b_0,133,BalancePower,53,501053,,,
b_0,134,BalancePower,54,501054,,,
b_0,135,BalancePower,55,501055,,,
b_0,136,BalancePower,56,501056,,,
b_0,137,BalancePower,57,501057,,,
b_0,138,BalancePower,58,501058,,,
b_0,139,BalancePower,59,501059,,,
b_0,140,BalancePower,60,501060,,,
b_0,141,BalancePower,61,501061,,,
b_0,142,BalancePower,62,501062,,,
b_0,143,BalancePower,63,501063,,,
b_0,144,BalancePower,64,501064,,,
b_0,145,BalancePower,65,501065,,,
b_0,146,BalancePower,66,501066,,,
b_0,147,BalancePower,67,501067,,,
b_0,148,BalancePower,68,501068,,,
b_0,149,BalancePower,69,501069,,,
b_0,150,BalancePower,70,501070,,,
b_0,151,BalancePower,71,501071,,,
b_0,152,BalancePower,72,501072,,,
b_0,153,BalancePower,73,501073,,,
b_0,154,BalancePower,74,501074,,,
b_0,155,BalancePower,75,501075,,,
b_0,156,BalancePower,76,501076,,,
b_0,157,BalancePower,77,501077,,,
b_0,158,BalancePower,78,501078,,,
b_0,159,BalancePower,79,501079,,,
b_0,160,BalancePower,80,501080,,,
b_0,161,Speed,1,502001,,,
b_0,162,Speed,2,502002,,,
b_0,163,Speed,3,502003,,,
b_0,164,Speed,4,502004,,,
b_0,165,Speed,5,502005,,,
b_0,166,Speed,6,502006,,,
b_0,167,Speed,7,502007,,,
b_0,168,Speed,8,502008,,,
b_0,169,Speed,9,502009,,,
b_0,170,Speed,10,502010,,,
b_0,171,Speed,11,502011,,,
b_0,172,Speed,12,502012,,,
b_0,173,Speed,13,502013,,,
b_0,174,Speed,14,502014,,,
b_0,175,Speed,15,502015,,,
b_0,176,Speed,16,502016,,,
b_0,177,Speed,17,502017,,,
b_0,178,Speed,18,502018,,,
b_0,179,Speed,19,502019,,,
b_0,180,Speed,20,502020,,,
b_0,181,Speed,21,502021,,,
b_0,182,Speed,22,502022,,,
b_0,183,Speed,23,502023,,,
b_0,184,Speed,24,502024,,,
b_0,185,Speed,25,502025,,,
b_0,186,Speed,26,502026,,,
b_0,187,Speed,27,502027,,,
b_0,188,Speed,28,502028,,,
b_0,189,Speed,29,502029,,,
b_0,190,Speed,30,502030,,,
b_0,191,Speed,31,502031,,,
b_0,192,Speed,32,502032,,,
b_0,193,Speed,33,502033,,,
b_0,194,Speed,34,502034,,,
b_0,195,Speed,35,502035,,,
b_0,196,Speed,36,502036,,,
b_0,197,Speed,37,502037,,,
b_0,198,Speed,38,502038,,,
b_0,199,Speed,39,502039,,,
b_0,200,Speed,40,502040,,,
b_0,201,Speed,41,502041,,,
b_0,202,Speed,42,502042,,,
b_0,203,Speed,43,502043,,,
b_0,204,Speed,44,502044,,,
b_0,205,Speed,45,502045,,,
b_0,206,Speed,46,502046,,,
b_0,207,Speed,47,502047,,,
b_0,208,Speed,48,502048,,,
b_0,209,Speed,49,502049,,,
b_0,210,Speed,50,502050,,,
b_0,211,Speed,51,502051,,,
b_0,212,Speed,52,502052,,,
b_0,213,Speed,53,502053,,,
b_0,214,Speed,54,502054,,,
b_0,215,Speed,55,502055,,,
b_0,216,Speed,56,502056,,,
b_0,217,Speed,57,502057,,,
b_0,218,Speed,58,502058,,,
b_0,219,Speed,59,502059,,,
b_0,220,Speed,60,502060,,,
b_0,221,Speed,61,502061,,,
b_0,222,Speed,62,502062,,,
b_0,223,Speed,63,502063,,,
b_0,224,Speed,64,502064,,,
b_0,225,Speed,65,502065,,,
b_0,226,Speed,66,502066,,,
b_0,227,Speed,67,502067,,,
b_0,228,Speed,68,502068,,,
b_0,229,Speed,69,502069,,,
b_0,230,Speed,70,502070,,,
b_0,231,Speed,71,502071,,,
b_0,232,Speed,72,502072,,,
b_0,233,Speed,73,502073,,,
b_0,234,Speed,74,502074,,,
b_0,235,Speed,75,502075,,,
b_0,236,Speed,76,502076,,,
b_0,237,Speed,77,502077,,,
b_0,238,Speed,78,502078,,,
b_0,239,Speed,79,502079,,,
b_0,240,Speed,80,502080,,,
b_0,241,SpeedPower,1,503001,,,
b_0,242,SpeedPower,2,503002,,,
b_0,243,SpeedPower,3,503003,,,
b_0,244,SpeedPower,4,503004,,,
b_0,245,SpeedPower,5,503005,,,
b_0,246,SpeedPower,6,503006,,,
b_0,247,SpeedPower,7,503007,,,
b_0,248,SpeedPower,8,503008,,,
b_0,249,SpeedPower,9,503009,,,
b_0,250,SpeedPower,10,503010,,,
b_0,251,SpeedPower,11,503011,,,
b_0,252,SpeedPower,12,503012,,,
b_0,253,SpeedPower,13,503013,,,
b_0,254,SpeedPower,14,503014,,,
b_0,255,SpeedPower,15,503015,,,
b_0,256,SpeedPower,16,503016,,,
b_0,257,SpeedPower,17,503017,,,
b_0,258,SpeedPower,18,503018,,,
b_0,259,SpeedPower,19,503019,,,
b_0,260,SpeedPower,20,503020,,,
b_0,261,SpeedPower,21,503021,,,
b_0,262,SpeedPower,22,503022,,,
b_0,263,SpeedPower,23,503023,,,
b_0,264,SpeedPower,24,503024,,,
b_0,265,SpeedPower,25,503025,,,
b_0,266,SpeedPower,26,503026,,,
b_0,267,SpeedPower,27,503027,,,
b_0,268,SpeedPower,28,503028,,,
b_0,269,SpeedPower,29,503029,,,
b_0,270,SpeedPower,30,503030,,,
b_0,271,SpeedPower,31,503031,,,
b_0,272,SpeedPower,32,503032,,,
b_0,273,SpeedPower,33,503033,,,
b_0,274,SpeedPower,34,503034,,,
b_0,275,SpeedPower,35,503035,,,
b_0,276,SpeedPower,36,503036,,,
b_0,277,SpeedPower,37,503037,,,
b_0,278,SpeedPower,38,503038,,,
b_0,279,SpeedPower,39,503039,,,
b_0,280,SpeedPower,40,503040,,,
b_0,281,SpeedPower,41,503041,,,
b_0,282,SpeedPower,42,503042,,,
b_0,283,SpeedPower,43,503043,,,
b_0,284,SpeedPower,44,503044,,,
b_0,285,SpeedPower,45,503045,,,
b_0,286,SpeedPower,46,503046,,,
b_0,287,SpeedPower,47,503047,,,
b_0,288,SpeedPower,48,503048,,,
b_0,289,SpeedPower,49,503049,,,
b_0,290,SpeedPower,50,503050,,,
b_0,291,SpeedPower,51,503051,,,
b_0,292,SpeedPower,52,503052,,,
b_0,293,SpeedPower,53,503053,,,
b_0,294,SpeedPower,54,503054,,,
b_0,295,SpeedPower,55,503055,,,
b_0,296,SpeedPower,56,503056,,,
b_0,297,SpeedPower,57,503057,,,
b_0,298,SpeedPower,58,503058,,,
b_0,299,SpeedPower,59,503059,,,
b_0,300,SpeedPower,60,503060,,,
b_0,301,SpeedPower,61,503061,,,
b_0,302,SpeedPower,62,503062,,,
b_0,303,SpeedPower,63,503063,,,
b_0,304,SpeedPower,64,503064,,,
b_0,305,SpeedPower,65,503065,,,
b_0,306,SpeedPower,66,503066,,,
b_0,307,SpeedPower,67,503067,,,
b_0,308,SpeedPower,68,503068,,,
b_0,309,SpeedPower,69,503069,,,
b_0,310,SpeedPower,70,503070,,,
b_0,311,SpeedPower,71,503071,,,
b_0,312,SpeedPower,72,503072,,,
b_0,313,SpeedPower,73,503073,,,
b_0,314,SpeedPower,74,503074,,,
b_0,315,SpeedPower,75,503075,,,
b_0,316,SpeedPower,76,503076,,,
b_0,317,SpeedPower,77,503077,,,
b_0,318,SpeedPower,78,503078,,,
b_0,319,SpeedPower,79,503079,,,
b_0,320,SpeedPower,80,503080,,,
b_0,321,Distance,1,504001,,,
b_0,322,Distance,2,504002,,,
b_0,323,Distance,3,504003,,,
b_0,324,Distance,4,504004,,,
b_0,325,Distance,5,504005,,,
b_0,326,Distance,6,504006,,,
b_0,327,Distance,7,504007,,,
b_0,328,Distance,8,504008,,,
b_0,329,Distance,9,504009,,,
b_0,330,Distance,10,504010,,,
b_0,331,Distance,11,504011,,,
b_0,332,Distance,12,504012,,,
b_0,333,Distance,13,504013,,,
b_0,334,Distance,14,504014,,,
b_0,335,Distance,15,504015,,,
b_0,336,Distance,16,504016,,,
b_0,337,Distance,17,504017,,,
b_0,338,Distance,18,504018,,,
b_0,339,Distance,19,504019,,,
b_0,340,Distance,20,504020,,,
b_0,341,Distance,21,504021,,,
b_0,342,Distance,22,504022,,,
b_0,343,Distance,23,504023,,,
b_0,344,Distance,24,504024,,,
b_0,345,Distance,25,504025,,,
b_0,346,Distance,26,504026,,,
b_0,347,Distance,27,504027,,,
b_0,348,Distance,28,504028,,,
b_0,349,Distance,29,504029,,,
b_0,350,Distance,30,504030,,,
b_0,351,Distance,31,504031,,,
b_0,352,Distance,32,504032,,,
b_0,353,Distance,33,504033,,,
b_0,354,Distance,34,504034,,,
b_0,355,Distance,35,504035,,,
b_0,356,Distance,36,504036,,,
b_0,357,Distance,37,504037,,,
b_0,358,Distance,38,504038,,,
b_0,359,Distance,39,504039,,,
b_0,360,Distance,40,504040,,,
b_0,361,Distance,41,504041,,,
b_0,362,Distance,42,504042,,,
b_0,363,Distance,43,504043,,,
b_0,364,Distance,44,504044,,,
b_0,365,Distance,45,504045,,,
b_0,366,Distance,46,504046,,,
b_0,367,Distance,47,504047,,,
b_0,368,Distance,48,504048,,,
b_0,369,Distance,49,504049,,,
b_0,370,Distance,50,504050,,,
b_0,371,Distance,51,504051,,,
b_0,372,Distance,52,504052,,,
b_0,373,Distance,53,504053,,,
b_0,374,Distance,54,504054,,,
b_0,375,Distance,55,504055,,,
b_0,376,Distance,56,504056,,,
b_0,377,Distance,57,504057,,,
b_0,378,Distance,58,504058,,,
b_0,379,Distance,59,504059,,,
b_0,380,Distance,60,504060,,,
b_0,381,Distance,61,504061,,,
b_0,382,Distance,62,504062,,,
b_0,383,Distance,63,504063,,,
b_0,384,Distance,64,504064,,,
b_0,385,Distance,65,504065,,,
b_0,386,Distance,66,504066,,,
b_0,387,Distance,67,504067,,,
b_0,388,Distance,68,504068,,,
b_0,389,Distance,69,504069,,,
b_0,390,Distance,70,504070,,,
b_0,391,Distance,71,504071,,,
b_0,392,Distance,72,504072,,,
b_0,393,Distance,73,504073,,,
b_0,394,Distance,74,504074,,,
b_0,395,Distance,75,504075,,,
b_0,396,Distance,76,504076,,,
b_0,397,Distance,77,504077,,,
b_0,398,Distance,78,504078,,,
b_0,399,Distance,79,504079,,,
b_0,400,Distance,80,504080,,,
b_0,401,DistancePower,1,505001,,,
b_0,402,DistancePower,2,505002,,,
b_0,403,DistancePower,3,505003,,,
b_0,404,DistancePower,4,505004,,,
b_0,405,DistancePower,5,505005,,,
b_0,406,DistancePower,6,505006,,,
b_0,407,DistancePower,7,505007,,,
b_0,408,DistancePower,8,505008,,,
b_0,409,DistancePower,9,505009,,,
b_0,410,DistancePower,10,505010,,,
b_0,411,DistancePower,11,505011,,,
b_0,412,DistancePower,12,505012,,,
b_0,413,DistancePower,13,505013,,,
b_0,414,DistancePower,14,505014,,,
b_0,415,DistancePower,15,505015,,,
b_0,416,DistancePower,16,505016,,,
b_0,417,DistancePower,17,505017,,,
b_0,418,DistancePower,18,505018,,,
b_0,419,DistancePower,19,505019,,,
b_0,420,DistancePower,20,505020,,,
b_0,421,DistancePower,21,505021,,,
b_0,422,DistancePower,22,505022,,,
b_0,423,DistancePower,23,505023,,,
b_0,424,DistancePower,24,505024,,,
b_0,425,DistancePower,25,505025,,,
b_0,426,DistancePower,26,505026,,,
b_0,427,DistancePower,27,505027,,,
b_0,428,DistancePower,28,505028,,,
b_0,429,DistancePower,29,505029,,,
b_0,430,DistancePower,30,505030,,,
b_0,431,DistancePower,31,505031,,,
b_0,432,DistancePower,32,505032,,,
b_0,433,DistancePower,33,505033,,,
b_0,434,DistancePower,34,505034,,,
b_0,435,DistancePower,35,505035,,,
b_0,436,DistancePower,36,505036,,,
b_0,437,DistancePower,37,505037,,,
b_0,438,DistancePower,38,505038,,,
b_0,439,DistancePower,39,505039,,,
b_0,440,DistancePower,40,505040,,,
b_0,441,DistancePower,41,505041,,,
b_0,442,DistancePower,42,505042,,,
b_0,443,DistancePower,43,505043,,,
b_0,444,DistancePower,44,505044,,,
b_0,445,DistancePower,45,505045,,,
b_0,446,DistancePower,46,505046,,,
b_0,447,DistancePower,47,505047,,,
b_0,448,DistancePower,48,505048,,,
b_0,449,DistancePower,49,505049,,,
b_0,450,DistancePower,50,505050,,,
b_0,451,DistancePower,51,505051,,,
b_0,452,DistancePower,52,505052,,,
b_0,453,DistancePower,53,505053,,,
b_0,454,DistancePower,54,505054,,,
b_0,455,DistancePower,55,505055,,,
b_0,456,DistancePower,56,505056,,,
b_0,457,DistancePower,57,505057,,,
b_0,458,DistancePower,58,505058,,,
b_0,459,DistancePower,59,505059,,,
b_0,460,DistancePower,60,505060,,,
b_0,461,DistancePower,61,505061,,,
b_0,462,DistancePower,62,505062,,,
b_0,463,DistancePower,63,505063,,,
b_0,464,DistancePower,64,505064,,,
b_0,465,DistancePower,65,505065,,,
b_0,466,DistancePower,66,505066,,,
b_0,467,DistancePower,67,505067,,,
b_0,468,DistancePower,68,505068,,,
b_0,469,DistancePower,69,505069,,,
b_0,470,DistancePower,70,505070,,,
b_0,471,DistancePower,71,505071,,,
b_0,472,DistancePower,72,505072,,,
b_0,473,DistancePower,73,505073,,,
b_0,474,DistancePower,74,505074,,,
b_0,475,DistancePower,75,505075,,,
b_0,476,DistancePower,76,505076,,,
b_0,477,DistancePower,77,505077,,,
b_0,478,DistancePower,78,505078,,,
b_0,479,DistancePower,79,505079,,,
b_0,480,DistancePower,80,505080,,,
b_0,481,SoloBoss,1,506001,,,
b_0,482,SoloBoss,2,506002,,,
b_0,483,SoloBoss,3,506003,,,
b_0,484,SoloBoss,4,506004,,,
b_0,485,SoloBoss,5,506005,,,
b_0,486,SoloBoss,6,506006,,,
b_0,487,SoloBoss,7,506007,,,
b_0,488,SoloBoss,8,506008,,,
b_0,489,SoloBoss,9,506009,,,
b_0,490,SoloBoss,10,506010,,,
b_0,491,SoloBoss,11,506011,,,
b_0,492,SoloBoss,12,506012,,,
b_0,493,SoloBoss,13,506013,,,
b_0,494,SoloBoss,14,506014,,,
b_0,495,SoloBoss,15,506015,,,
b_0,496,SoloBoss,16,506016,,,
b_0,497,SoloBoss,17,506017,,,
b_0,498,SoloBoss,18,506018,,,
b_0,499,SoloBoss,19,506019,,,
b_0,500,SoloBoss,20,506020,,,
b_0,501,SoloBoss,21,506021,,,
b_0,502,SoloBoss,22,506022,,,
b_0,503,SoloBoss,23,506023,,,
b_0,504,SoloBoss,24,506024,,,
b_0,505,SoloBoss,25,506025,,,
b_0,506,SoloBoss,26,506026,,,
b_0,507,SoloBoss,27,506027,,,
b_0,508,SoloBoss,28,506028,,,
b_0,509,SoloBoss,29,506029,,,
b_0,510,SoloBoss,30,506030,,,
b_0,511,SoloBoss,31,506031,,,
b_0,512,SoloBoss,32,506032,,,
b_0,513,SoloBoss,33,506033,,,
b_0,514,SoloBoss,34,506034,,,
b_0,515,SoloBoss,35,506035,,,
b_0,516,SoloBoss,36,506036,,,
b_0,517,SoloBoss,37,506037,,,
b_0,518,SoloBoss,38,506038,,,
b_0,519,SoloBoss,39,506039,,,
b_0,520,SoloBoss,40,506040,,,
b_0,521,SoloBoss,41,506041,,,
b_0,522,SoloBoss,42,506042,,,
b_0,523,SoloBoss,43,506043,,,
b_0,524,SoloBoss,44,506044,,,
b_0,525,SoloBoss,45,506045,,,
b_0,526,SoloBoss,46,506046,,,
b_0,527,SoloBoss,47,506047,,,
b_0,528,SoloBoss,48,506048,,,
b_0,529,SoloBoss,49,506049,,,
b_0,530,SoloBoss,50,506050,,,
b_0,531,SoloBoss,51,506051,,,
b_0,532,SoloBoss,52,506052,,,
b_0,533,SoloBoss,53,506053,,,
b_0,534,SoloBoss,54,506054,,,
b_0,535,SoloBoss,55,506055,,,
b_0,536,SoloBoss,56,506056,,,
b_0,537,SoloBoss,57,506057,,,
b_0,538,SoloBoss,58,506058,,,
b_0,539,SoloBoss,59,506059,,,
b_0,540,SoloBoss,60,506060,,,
b_0,541,SoloBoss,61,506061,,,
b_0,542,SoloBoss,62,506062,,,
b_0,543,SoloBoss,63,506063,,,
b_0,544,SoloBoss,64,506064,,,
b_0,545,SoloBoss,65,506065,,,
b_0,546,SoloBoss,66,506066,,,
b_0,547,SoloBoss,67,506067,,,
b_0,548,SoloBoss,68,506068,,,
b_0,549,SoloBoss,69,506069,,,
b_0,550,SoloBoss,70,506070,,,
b_0,551,SoloBoss,71,506071,,,
b_0,552,SoloBoss,72,506072,,,
b_0,553,SoloBoss,73,506073,,,
b_0,554,SoloBoss,74,506074,,,
b_0,555,SoloBoss,75,506075,,,
b_0,556,SoloBoss,76,506076,,,
b_0,557,SoloBoss,77,506077,,,
b_0,558,SoloBoss,78,506078,,,
b_0,559,SoloBoss,79,506079,,,
b_0,560,SoloBoss,80,506080,,,
b_0,561,SoloMonster,1,507001,,,
b_0,562,SoloMonster,2,507002,,,
b_0,563,SoloMonster,3,507003,,,
b_0,564,SoloMonster,4,507004,,,
b_0,565,SoloMonster,5,507005,,,
b_0,566,SoloMonster,6,507006,,,
b_0,567,SoloMonster,7,507007,,,
b_0,568,SoloMonster,8,507008,,,
b_0,569,SoloMonster,9,507009,,,
b_0,570,SoloMonster,10,507010,,,
b_0,571,SoloMonster,11,507011,,,
b_0,572,SoloMonster,12,507012,,,
b_0,573,SoloMonster,13,507013,,,
b_0,574,SoloMonster,14,507014,,,
b_0,575,SoloMonster,15,507015,,,
b_0,576,SoloMonster,16,507016,,,
b_0,577,SoloMonster,17,507017,,,
b_0,578,SoloMonster,18,507018,,,
b_0,579,SoloMonster,19,507019,,,
b_0,580,SoloMonster,20,507020,,,
b_0,581,SoloMonster,21,507021,,,
b_0,582,SoloMonster,22,507022,,,
b_0,583,SoloMonster,23,507023,,,
b_0,584,SoloMonster,24,507024,,,
b_0,585,SoloMonster,25,507025,,,
b_0,586,SoloMonster,26,507026,,,
b_0,587,SoloMonster,27,507027,,,
b_0,588,SoloMonster,28,507028,,,
b_0,589,SoloMonster,29,507029,,,
b_0,590,SoloMonster,30,507030,,,
b_0,591,SoloMonster,31,507031,,,
b_0,592,SoloMonster,32,507032,,,
b_0,593,SoloMonster,33,507033,,,
b_0,594,SoloMonster,34,507034,,,
b_0,595,SoloMonster,35,507035,,,
b_0,596,SoloMonster,36,507036,,,
b_0,597,SoloMonster,37,507037,,,
b_0,598,SoloMonster,38,507038,,,
b_0,599,SoloMonster,39,507039,,,
b_0,600,SoloMonster,40,507040,,,
b_0,601,SoloMonster,41,507041,,,
b_0,602,SoloMonster,42,507042,,,
b_0,603,SoloMonster,43,507043,,,
b_0,604,SoloMonster,44,507044,,,
b_0,605,SoloMonster,45,507045,,,
b_0,606,SoloMonster,46,507046,,,
b_0,607,SoloMonster,47,507047,,,
b_0,608,SoloMonster,48,507048,,,
b_0,609,SoloMonster,49,507049,,,
b_0,610,SoloMonster,50,507050,,,
b_0,611,SoloMonster,51,507051,,,
b_0,612,SoloMonster,52,507052,,,
b_0,613,SoloMonster,53,507053,,,
b_0,614,SoloMonster,54,507054,,,
b_0,615,SoloMonster,55,507055,,,
b_0,616,SoloMonster,56,507056,,,
b_0,617,SoloMonster,57,507057,,,
b_0,618,SoloMonster,58,507058,,,
b_0,619,SoloMonster,59,507059,,,
b_0,620,SoloMonster,60,507060,,,
b_0,621,SoloMonster,61,507061,,,
b_0,622,SoloMonster,62,507062,,,
b_0,623,SoloMonster,63,507063,,,
b_0,624,SoloMonster,64,507064,,,
b_0,625,SoloMonster,65,507065,,,
b_0,626,SoloMonster,66,507066,,,
b_0,627,SoloMonster,67,507067,,,
b_0,628,SoloMonster,68,507068,,,
b_0,629,SoloMonster,69,507069,,,
b_0,630,SoloMonster,70,507070,,,
b_0,631,SoloMonster,71,507071,,,
b_0,632,SoloMonster,72,507072,,,
b_0,633,SoloMonster,73,507073,,,
b_0,634,SoloMonster,74,507074,,,
b_0,635,SoloMonster,75,507075,,,
b_0,636,SoloMonster,76,507076,,,
b_0,637,SoloMonster,77,507077,,,
b_0,638,SoloMonster,78,507078,,,
b_0,639,SoloMonster,79,507079,,,
b_0,640,SoloMonster,80,507080,,,
b_0,641,SoloDistance,1,508001,,,
b_0,642,SoloDistance,2,508002,,,
b_0,643,SoloDistance,3,508003,,,
b_0,644,SoloDistance,4,508004,,,
b_0,645,SoloDistance,5,508005,,,
b_0,646,SoloDistance,6,508006,,,
b_0,647,SoloDistance,7,508007,,,
b_0,648,SoloDistance,8,508008,,,
b_0,649,SoloDistance,9,508009,,,
b_0,650,SoloDistance,10,508010,,,
b_0,651,SoloDistance,11,508011,,,
b_0,652,SoloDistance,12,508012,,,
b_0,653,SoloDistance,13,508013,,,
b_0,654,SoloDistance,14,508014,,,
b_0,655,SoloDistance,15,508015,,,
b_0,656,SoloDistance,16,508016,,,
b_0,657,SoloDistance,17,508017,,,
b_0,658,SoloDistance,18,508018,,,
b_0,659,SoloDistance,19,508019,,,
b_0,660,SoloDistance,20,508020,,,
b_0,661,SoloDistance,21,508021,,,
b_0,662,SoloDistance,22,508022,,,
b_0,663,SoloDistance,23,508023,,,
b_0,664,SoloDistance,24,508024,,,
b_0,665,SoloDistance,25,508025,,,
b_0,666,SoloDistance,26,508026,,,
b_0,667,SoloDistance,27,508027,,,
b_0,668,SoloDistance,28,508028,,,
b_0,669,SoloDistance,29,508029,,,
b_0,670,SoloDistance,30,508030,,,
b_0,671,SoloDistance,31,508031,,,
b_0,672,SoloDistance,32,508032,,,
b_0,673,SoloDistance,33,508033,,,
b_0,674,SoloDistance,34,508034,,,
b_0,675,SoloDistance,35,508035,,,
b_0,676,SoloDistance,36,508036,,,
b_0,677,SoloDistance,37,508037,,,
b_0,678,SoloDistance,38,508038,,,
b_0,679,SoloDistance,39,508039,,,
b_0,680,SoloDistance,40,508040,,,
b_0,681,SoloDistance,41,508041,,,
b_0,682,SoloDistance,42,508042,,,
b_0,683,SoloDistance,43,508043,,,
b_0,684,SoloDistance,44,508044,,,
b_0,685,SoloDistance,45,508045,,,
b_0,686,SoloDistance,46,508046,,,
b_0,687,SoloDistance,47,508047,,,
b_0,688,SoloDistance,48,508048,,,
b_0,689,SoloDistance,49,508049,,,
b_0,690,SoloDistance,50,508050,,,
b_0,691,SoloDistance,51,508051,,,
b_0,692,SoloDistance,52,508052,,,
b_0,693,SoloDistance,53,508053,,,
b_0,694,SoloDistance,54,508054,,,
b_0,695,SoloDistance,55,508055,,,
b_0,696,SoloDistance,56,508056,,,
b_0,697,SoloDistance,57,508057,,,
b_0,698,SoloDistance,58,508058,,,
b_0,699,SoloDistance,59,508059,,,
b_0,700,SoloDistance,60,508060,,,
b_0,701,SoloDistance,61,508061,,,
b_0,702,SoloDistance,62,508062,,,
b_0,703,SoloDistance,63,508063,,,
b_0,704,SoloDistance,64,508064,,,
b_0,705,SoloDistance,65,508065,,,
b_0,706,SoloDistance,66,508066,,,
b_0,707,SoloDistance,67,508067,,,
b_0,708,SoloDistance,68,508068,,,
b_0,709,SoloDistance,69,508069,,,
b_0,710,SoloDistance,70,508070,,,
b_0,711,SoloDistance,71,508071,,,
b_0,712,SoloDistance,72,508072,,,
b_0,713,SoloDistance,73,508073,,,
b_0,714,SoloDistance,74,508074,,,
b_0,715,SoloDistance,75,508075,,,
b_0,716,SoloDistance,76,508076,,,
b_0,717,SoloDistance,77,508077,,,
b_0,718,SoloDistance,78,508078,,,
b_0,719,SoloDistance,79,508079,,,
b_0,720,SoloDistance,80,508080,,,
b_0,721,SoloSpeed,1,509001,,,
b_0,722,SoloSpeed,2,509002,,,
b_0,723,SoloSpeed,3,509003,,,
b_0,724,SoloSpeed,4,509004,,,
b_0,725,SoloSpeed,5,509005,,,
b_0,726,SoloSpeed,6,509006,,,
b_0,727,SoloSpeed,7,509007,,,
b_0,728,SoloSpeed,8,509008,,,
b_0,729,SoloSpeed,9,509009,,,
b_0,730,SoloSpeed,10,509010,,,
b_0,731,SoloSpeed,11,509011,,,
b_0,732,SoloSpeed,12,509012,,,
b_0,733,SoloSpeed,13,509013,,,
b_0,734,SoloSpeed,14,509014,,,
b_0,735,SoloSpeed,15,509015,,,
b_0,736,SoloSpeed,16,509016,,,
b_0,737,SoloSpeed,17,509017,,,
b_0,738,SoloSpeed,18,509018,,,
b_0,739,SoloSpeed,19,509019,,,
b_0,740,SoloSpeed,20,509020,,,
b_0,741,SoloSpeed,21,509021,,,
b_0,742,SoloSpeed,22,509022,,,
b_0,743,SoloSpeed,23,509023,,,
b_0,744,SoloSpeed,24,509024,,,
b_0,745,SoloSpeed,25,509025,,,
b_0,746,SoloSpeed,26,509026,,,
b_0,747,SoloSpeed,27,509027,,,
b_0,748,SoloSpeed,28,509028,,,
b_0,749,SoloSpeed,29,509029,,,
b_0,750,SoloSpeed,30,509030,,,
b_0,751,SoloSpeed,31,509031,,,
b_0,752,SoloSpeed,32,509032,,,
b_0,753,SoloSpeed,33,509033,,,
b_0,754,SoloSpeed,34,509034,,,
b_0,755,SoloSpeed,35,509035,,,
b_0,756,SoloSpeed,36,509036,,,
b_0,757,SoloSpeed,37,509037,,,
b_0,758,SoloSpeed,38,509038,,,
b_0,759,SoloSpeed,39,509039,,,
b_0,760,SoloSpeed,40,509040,,,
b_0,761,SoloSpeed,41,509041,,,
b_0,762,SoloSpeed,42,509042,,,
b_0,763,SoloSpeed,43,509043,,,
b_0,764,SoloSpeed,44,509044,,,
b_0,765,SoloSpeed,45,509045,,,
b_0,766,SoloSpeed,46,509046,,,
b_0,767,SoloSpeed,47,509047,,,
b_0,768,SoloSpeed,48,509048,,,
b_0,769,SoloSpeed,49,509049,,,
b_0,770,SoloSpeed,50,509050,,,
b_0,771,SoloSpeed,51,509051,,,
b_0,772,SoloSpeed,52,509052,,,
b_0,773,SoloSpeed,53,509053,,,
b_0,774,SoloSpeed,54,509054,,,
b_0,775,SoloSpeed,55,509055,,,
b_0,776,SoloSpeed,56,509056,,,
b_0,777,SoloSpeed,57,509057,,,
b_0,778,SoloSpeed,58,509058,,,
b_0,779,SoloSpeed,59,509059,,,
b_0,780,SoloSpeed,60,509060,,,
b_0,781,SoloSpeed,61,509061,,,
b_0,782,SoloSpeed,62,509062,,,
b_0,783,SoloSpeed,63,509063,,,
b_0,784,SoloSpeed,64,509064,,,
b_0,785,SoloSpeed,65,509065,,,
b_0,786,SoloSpeed,66,509066,,,
b_0,787,SoloSpeed,67,509067,,,
b_0,788,SoloSpeed,68,509068,,,
b_0,789,SoloSpeed,69,509069,,,
b_0,790,SoloSpeed,70,509070,,,
b_0,791,SoloSpeed,71,509071,,,
b_0,792,SoloSpeed,72,509072,,,
b_0,793,SoloSpeed,73,509073,,,
b_0,794,SoloSpeed,74,509074,,,
b_0,795,SoloSpeed,75,509075,,,
b_0,796,SoloSpeed,76,509076,,,
b_0,797,SoloSpeed,77,509077,,,
b_0,798,SoloSpeed,78,509078,,,
b_0,799,SoloSpeed,79,509079,,,
b_0,800,SoloSpeed,80,509080,,,
b_0,801,SoloElite,1,510001,,,
b_0,802,SoloElite,2,510002,,,
b_0,803,SoloElite,3,510003,,,
b_0,804,SoloElite,4,510004,,,
b_0,805,SoloElite,5,510005,,,
b_0,806,SoloElite,6,510006,,,
b_0,807,SoloElite,7,510007,,,
b_0,808,SoloElite,8,510008,,,
b_0,809,SoloElite,9,510009,,,
b_0,810,SoloElite,10,510010,,,
b_0,811,SoloElite,11,510011,,,
b_0,812,SoloElite,12,510012,,,
b_0,813,SoloElite,13,510013,,,
b_0,814,SoloElite,14,510014,,,
b_0,815,SoloElite,15,510015,,,
b_0,816,SoloElite,16,510016,,,
b_0,817,SoloElite,17,510017,,,
b_0,818,SoloElite,18,510018,,,
b_0,819,SoloElite,19,510019,,,
b_0,820,SoloElite,20,510020,,,
b_0,821,SoloElite,21,510021,,,
b_0,822,SoloElite,22,510022,,,
b_0,823,SoloElite,23,510023,,,
b_0,824,SoloElite,24,510024,,,
b_0,825,SoloElite,25,510025,,,
b_0,826,SoloElite,26,510026,,,
b_0,827,SoloElite,27,510027,,,
b_0,828,SoloElite,28,510028,,,
b_0,829,SoloElite,29,510029,,,
b_0,830,SoloElite,30,510030,,,
b_0,831,SoloElite,31,510031,,,
b_0,832,SoloElite,32,510032,,,
b_0,833,SoloElite,33,510033,,,
b_0,834,SoloElite,34,510034,,,
b_0,835,SoloElite,35,510035,,,
b_0,836,SoloElite,36,510036,,,
b_0,837,SoloElite,37,510037,,,
b_0,838,SoloElite,38,510038,,,
b_0,839,SoloElite,39,510039,,,
b_0,840,SoloElite,40,510040,,,
b_0,841,SoloElite,41,510041,,,
b_0,842,SoloElite,42,510042,,,
b_0,843,SoloElite,43,510043,,,
b_0,844,SoloElite,44,510044,,,
b_0,845,SoloElite,45,510045,,,
b_0,846,SoloElite,46,510046,,,
b_0,847,SoloElite,47,510047,,,
b_0,848,SoloElite,48,510048,,,
b_0,849,SoloElite,49,510049,,,
b_0,850,SoloElite,50,510050,,,
b_0,851,SoloElite,51,510051,,,
b_0,852,SoloElite,52,510052,,,
b_0,853,SoloElite,53,510053,,,
b_0,854,SoloElite,54,510054,,,
b_0,855,SoloElite,55,510055,,,
b_0,856,SoloElite,56,510056,,,
b_0,857,SoloElite,57,510057,,,
b_0,858,SoloElite,58,510058,,,
b_0,859,SoloElite,59,510059,,,
b_0,860,SoloElite,60,510060,,,
b_0,861,SoloElite,61,510061,,,
b_0,862,SoloElite,62,510062,,,
b_0,863,SoloElite,63,510063,,,
b_0,864,SoloElite,64,510064,,,
b_0,865,SoloElite,65,510065,,,
b_0,866,SoloElite,66,510066,,,
b_0,867,SoloElite,67,510067,,,
b_0,868,SoloElite,68,510068,,,
b_0,869,SoloElite,69,510069,,,
b_0,870,SoloElite,70,510070,,,
b_0,871,SoloElite,71,510071,,,
b_0,872,SoloElite,72,510072,,,
b_0,873,SoloElite,73,510073,,,
b_0,874,SoloElite,74,510074,,,
b_0,875,SoloElite,75,510075,,,
b_0,876,SoloElite,76,510076,,,
b_0,877,SoloElite,77,510077,,,
b_0,878,SoloElite,78,510078,,,
b_0,879,SoloElite,79,510079,,,
b_0,880,SoloElite,80,510080,,,
b_0,881,MultiBoss,1,511001,,,
b_0,882,MultiBoss,2,511002,,,
b_0,883,MultiBoss,3,511003,,,
b_0,884,MultiBoss,4,511004,,,
b_0,885,MultiBoss,5,511005,,,
b_0,886,MultiBoss,6,511006,,,
b_0,887,MultiBoss,7,511007,,,
b_0,888,MultiBoss,8,511008,,,
b_0,889,MultiBoss,9,511009,,,
b_0,890,MultiBoss,10,511010,,,
b_0,891,MultiBoss,11,511011,,,
b_0,892,MultiBoss,12,511012,,,
b_0,893,MultiBoss,13,511013,,,
b_0,894,MultiBoss,14,511014,,,
b_0,895,MultiBoss,15,511015,,,
b_0,896,MultiBoss,16,511016,,,
b_0,897,MultiBoss,17,511017,,,
b_0,898,MultiBoss,18,511018,,,
b_0,899,MultiBoss,19,511019,,,
b_0,900,MultiBoss,20,511020,,,
b_0,901,MultiBoss,21,511021,,,
b_0,902,MultiBoss,22,511022,,,
b_0,903,MultiBoss,23,511023,,,
b_0,904,MultiBoss,24,511024,,,
b_0,905,MultiBoss,25,511025,,,
b_0,906,MultiBoss,26,511026,,,
b_0,907,MultiBoss,27,511027,,,
b_0,908,MultiBoss,28,511028,,,
b_0,909,MultiBoss,29,511029,,,
b_0,910,MultiBoss,30,511030,,,
b_0,911,MultiBoss,31,511031,,,
b_0,912,MultiBoss,32,511032,,,
b_0,913,MultiBoss,33,511033,,,
b_0,914,MultiBoss,34,511034,,,
b_0,915,MultiBoss,35,511035,,,
b_0,916,MultiBoss,36,511036,,,
b_0,917,MultiBoss,37,511037,,,
b_0,918,MultiBoss,38,511038,,,
b_0,919,MultiBoss,39,511039,,,
b_0,920,MultiBoss,40,511040,,,
b_0,921,MultiBoss,41,511041,,,
b_0,922,MultiBoss,42,511042,,,
b_0,923,MultiBoss,43,511043,,,
b_0,924,MultiBoss,44,511044,,,
b_0,925,MultiBoss,45,511045,,,
b_0,926,MultiBoss,46,511046,,,
b_0,927,MultiBoss,47,511047,,,
b_0,928,MultiBoss,48,511048,,,
b_0,929,MultiBoss,49,511049,,,
b_0,930,MultiBoss,50,511050,,,
b_0,931,MultiBoss,51,511051,,,
b_0,932,MultiBoss,52,511052,,,
b_0,933,MultiBoss,53,511053,,,
b_0,934,MultiBoss,54,511054,,,
b_0,935,MultiBoss,55,511055,,,
b_0,936,MultiBoss,56,511056,,,
b_0,937,MultiBoss,57,511057,,,
b_0,938,MultiBoss,58,511058,,,
b_0,939,MultiBoss,59,511059,,,
b_0,940,MultiBoss,60,511060,,,
b_0,941,MultiBoss,61,511061,,,
b_0,942,MultiBoss,62,511062,,,
b_0,943,MultiBoss,63,511063,,,
b_0,944,MultiBoss,64,511064,,,
b_0,945,MultiBoss,65,511065,,,
b_0,946,MultiBoss,66,511066,,,
b_0,947,MultiBoss,67,511067,,,
b_0,948,MultiBoss,68,511068,,,
b_0,949,MultiBoss,69,511069,,,
b_0,950,MultiBoss,70,511070,,,
b_0,951,MultiBoss,71,511071,,,
b_0,952,MultiBoss,72,511072,,,
b_0,953,MultiBoss,73,511073,,,
b_0,954,MultiBoss,74,511074,,,
b_0,955,MultiBoss,75,511075,,,
b_0,956,MultiBoss,76,511076,,,
b_0,957,MultiBoss,77,511077,,,
b_0,958,MultiBoss,78,511078,,,
b_0,959,MultiBoss,79,511079,,,
b_0,960,MultiBoss,80,511080,,,
b_0,961,MultiMonster,1,512001,,,
b_0,962,MultiMonster,2,512002,,,
b_0,963,MultiMonster,3,512003,,,
b_0,964,MultiMonster,4,512004,,,
b_0,965,MultiMonster,5,512005,,,
b_0,966,MultiMonster,6,512006,,,
b_0,967,MultiMonster,7,512007,,,
b_0,968,MultiMonster,8,512008,,,
b_0,969,MultiMonster,9,512009,,,
b_0,970,MultiMonster,10,512010,,,
b_0,971,MultiMonster,11,512011,,,
b_0,972,MultiMonster,12,512012,,,
b_0,973,MultiMonster,13,512013,,,
b_0,974,MultiMonster,14,512014,,,
b_0,975,MultiMonster,15,512015,,,
b_0,976,MultiMonster,16,512016,,,
b_0,977,MultiMonster,17,512017,,,
b_0,978,MultiMonster,18,512018,,,
b_0,979,MultiMonster,19,512019,,,
b_0,980,MultiMonster,20,512020,,,
b_0,981,MultiMonster,21,512021,,,
b_0,982,MultiMonster,22,512022,,,
b_0,983,MultiMonster,23,512023,,,
b_0,984,MultiMonster,24,512024,,,
b_0,985,MultiMonster,25,512025,,,
b_0,986,MultiMonster,26,512026,,,
b_0,987,MultiMonster,27,512027,,,
b_0,988,MultiMonster,28,512028,,,
b_0,989,MultiMonster,29,512029,,,
b_0,990,MultiMonster,30,512030,,,
b_0,991,MultiMonster,31,512031,,,
b_0,992,MultiMonster,32,512032,,,
b_0,993,MultiMonster,33,512033,,,
b_0,994,MultiMonster,34,512034,,,
b_0,995,MultiMonster,35,512035,,,
b_0,996,MultiMonster,36,512036,,,
b_0,997,MultiMonster,37,512037,,,
b_0,998,MultiMonster,38,512038,,,
b_0,999,MultiMonster,39,512039,,,
b_0,1000,MultiMonster,40,512040,,,
b_0,1001,MultiMonster,41,512041,,,
b_0,1002,MultiMonster,42,512042,,,
b_0,1003,MultiMonster,43,512043,,,
b_0,1004,MultiMonster,44,512044,,,
b_0,1005,MultiMonster,45,512045,,,
b_0,1006,MultiMonster,46,512046,,,
b_0,1007,MultiMonster,47,512047,,,
b_0,1008,MultiMonster,48,512048,,,
b_0,1009,MultiMonster,49,512049,,,
b_0,1010,MultiMonster,50,512050,,,
b_0,1011,MultiMonster,51,512051,,,
b_0,1012,MultiMonster,52,512052,,,
b_0,1013,MultiMonster,53,512053,,,
b_0,1014,MultiMonster,54,512054,,,
b_0,1015,MultiMonster,55,512055,,,
b_0,1016,MultiMonster,56,512056,,,
b_0,1017,MultiMonster,57,512057,,,
b_0,1018,MultiMonster,58,512058,,,
b_0,1019,MultiMonster,59,512059,,,
b_0,1020,MultiMonster,60,512060,,,
b_0,1021,MultiMonster,61,512061,,,
b_0,1022,MultiMonster,62,512062,,,
b_0,1023,MultiMonster,63,512063,,,
b_0,1024,MultiMonster,64,512064,,,
b_0,1025,MultiMonster,65,512065,,,
b_0,1026,MultiMonster,66,512066,,,
b_0,1027,MultiMonster,67,512067,,,
b_0,1028,MultiMonster,68,512068,,,
b_0,1029,MultiMonster,69,512069,,,
b_0,1030,MultiMonster,70,512070,,,
b_0,1031,MultiMonster,71,512071,,,
b_0,1032,MultiMonster,72,512072,,,
b_0,1033,MultiMonster,73,512073,,,
b_0,1034,MultiMonster,74,512074,,,
b_0,1035,MultiMonster,75,512075,,,
b_0,1036,MultiMonster,76,512076,,,
b_0,1037,MultiMonster,77,512077,,,
b_0,1038,MultiMonster,78,512078,,,
b_0,1039,MultiMonster,79,512079,,,
b_0,1040,MultiMonster,80,512080,,,
b_0,1041,MultiDistance,1,513001,,,
b_0,1042,MultiDistance,2,513002,,,
b_0,1043,MultiDistance,3,513003,,,
b_0,1044,MultiDistance,4,513004,,,
b_0,1045,MultiDistance,5,513005,,,
b_0,1046,MultiDistance,6,513006,,,
b_0,1047,MultiDistance,7,513007,,,
b_0,1048,MultiDistance,8,513008,,,
b_0,1049,MultiDistance,9,513009,,,
b_0,1050,MultiDistance,10,513010,,,
b_0,1051,MultiDistance,11,513011,,,
b_0,1052,MultiDistance,12,513012,,,
b_0,1053,MultiDistance,13,513013,,,
b_0,1054,MultiDistance,14,513014,,,
b_0,1055,MultiDistance,15,513015,,,
b_0,1056,MultiDistance,16,513016,,,
b_0,1057,MultiDistance,17,513017,,,
b_0,1058,MultiDistance,18,513018,,,
b_0,1059,MultiDistance,19,513019,,,
b_0,1060,MultiDistance,20,513020,,,
b_0,1061,MultiDistance,21,513021,,,
b_0,1062,MultiDistance,22,513022,,,
b_0,1063,MultiDistance,23,513023,,,
b_0,1064,MultiDistance,24,513024,,,
b_0,1065,MultiDistance,25,513025,,,
b_0,1066,MultiDistance,26,513026,,,
b_0,1067,MultiDistance,27,513027,,,
b_0,1068,MultiDistance,28,513028,,,
b_0,1069,MultiDistance,29,513029,,,
b_0,1070,MultiDistance,30,513030,,,
b_0,1071,MultiDistance,31,513031,,,
b_0,1072,MultiDistance,32,513032,,,
b_0,1073,MultiDistance,33,513033,,,
b_0,1074,MultiDistance,34,513034,,,
b_0,1075,MultiDistance,35,513035,,,
b_0,1076,MultiDistance,36,513036,,,
b_0,1077,MultiDistance,37,513037,,,
b_0,1078,MultiDistance,38,513038,,,
b_0,1079,MultiDistance,39,513039,,,
b_0,1080,MultiDistance,40,513040,,,
b_0,1081,MultiDistance,41,513041,,,
b_0,1082,MultiDistance,42,513042,,,
b_0,1083,MultiDistance,43,513043,,,
b_0,1084,MultiDistance,44,513044,,,
b_0,1085,MultiDistance,45,513045,,,
b_0,1086,MultiDistance,46,513046,,,
b_0,1087,MultiDistance,47,513047,,,
b_0,1088,MultiDistance,48,513048,,,
b_0,1089,MultiDistance,49,513049,,,
b_0,1090,MultiDistance,50,513050,,,
b_0,1091,MultiDistance,51,513051,,,
b_0,1092,MultiDistance,52,513052,,,
b_0,1093,MultiDistance,53,513053,,,
b_0,1094,MultiDistance,54,513054,,,
b_0,1095,MultiDistance,55,513055,,,
b_0,1096,MultiDistance,56,513056,,,
b_0,1097,MultiDistance,57,513057,,,
b_0,1098,MultiDistance,58,513058,,,
b_0,1099,MultiDistance,59,513059,,,
b_0,1100,MultiDistance,60,513060,,,
b_0,1101,MultiDistance,61,513061,,,
b_0,1102,MultiDistance,62,513062,,,
b_0,1103,MultiDistance,63,513063,,,
b_0,1104,MultiDistance,64,513064,,,
b_0,1105,MultiDistance,65,513065,,,
b_0,1106,MultiDistance,66,513066,,,
b_0,1107,MultiDistance,67,513067,,,
b_0,1108,MultiDistance,68,513068,,,
b_0,1109,MultiDistance,69,513069,,,
b_0,1110,MultiDistance,70,513070,,,
b_0,1111,MultiDistance,71,513071,,,
b_0,1112,MultiDistance,72,513072,,,
b_0,1113,MultiDistance,73,513073,,,
b_0,1114,MultiDistance,74,513074,,,
b_0,1115,MultiDistance,75,513075,,,
b_0,1116,MultiDistance,76,513076,,,
b_0,1117,MultiDistance,77,513077,,,
b_0,1118,MultiDistance,78,513078,,,
b_0,1119,MultiDistance,79,513079,,,
b_0,1120,MultiDistance,80,513080,,,
b_0,1121,FieldBoss,1,514001,,,
b_0,1122,FieldBoss,2,514002,,,
b_0,1123,FieldBoss,3,514003,,,
b_0,1124,FieldBoss,4,514004,,,
b_0,1125,FieldBoss,5,514005,,,
b_0,1126,FieldBoss,6,514006,,,
b_0,1127,FieldBoss,7,514007,,,
b_0,1128,FieldBoss,8,514008,,,
b_0,1129,FieldBoss,9,514009,,,
b_0,1130,FieldBoss,10,514010,,,
b_0,1131,FieldBoss,11,514011,,,
b_0,1132,FieldBoss,12,514012,,,
b_0,1133,FieldBoss,13,514013,,,
b_0,1134,FieldBoss,14,514014,,,
b_0,1135,FieldBoss,15,514015,,,
b_0,1136,FieldBoss,16,514016,,,
b_0,1137,FieldBoss,17,514017,,,
b_0,1138,FieldBoss,18,514018,,,
b_0,1139,FieldBoss,19,514019,,,
b_0,1140,FieldBoss,20,514020,,,
b_0,1141,FieldBoss,21,514021,,,
b_0,1142,FieldBoss,22,514022,,,
b_0,1143,FieldBoss,23,514023,,,
b_0,1144,FieldBoss,24,514024,,,
b_0,1145,FieldBoss,25,514025,,,
b_0,1146,FieldBoss,26,514026,,,
b_0,1147,FieldBoss,27,514027,,,
b_0,1148,FieldBoss,28,514028,,,
b_0,1149,FieldBoss,29,514029,,,
b_0,1150,FieldBoss,30,514030,,,
b_0,1151,FieldBoss,31,514031,,,
b_0,1152,FieldBoss,32,514032,,,
b_0,1153,FieldBoss,33,514033,,,
b_0,1154,FieldBoss,34,514034,,,
b_0,1155,FieldBoss,35,514035,,,
b_0,1156,FieldBoss,36,514036,,,
b_0,1157,FieldBoss,37,514037,,,
b_0,1158,FieldBoss,38,514038,,,
b_0,1159,FieldBoss,39,514039,,,
b_0,1160,FieldBoss,40,514040,,,
b_0,1161,FieldBoss,41,514041,,,
b_0,1162,FieldBoss,42,514042,,,
b_0,1163,FieldBoss,43,514043,,,
b_0,1164,FieldBoss,44,514044,,,
b_0,1165,FieldBoss,45,514045,,,
b_0,1166,FieldBoss,46,514046,,,
b_0,1167,FieldBoss,47,514047,,,
b_0,1168,FieldBoss,48,514048,,,
b_0,1169,FieldBoss,49,514049,,,
b_0,1170,FieldBoss,50,514050,,,
b_0,1171,FieldBoss,51,514051,,,
b_0,1172,FieldBoss,52,514052,,,
b_0,1173,FieldBoss,53,514053,,,
b_0,1174,FieldBoss,54,514054,,,
b_0,1175,FieldBoss,55,514055,,,
b_0,1176,FieldBoss,56,514056,,,
b_0,1177,FieldBoss,57,514057,,,
b_0,1178,FieldBoss,58,514058,,,
b_0,1179,FieldBoss,59,514059,,,
b_0,1180,FieldBoss,60,514060,,,
b_0,1181,FieldBoss,61,514061,,,
b_0,1182,FieldBoss,62,514062,,,
b_0,1183,FieldBoss,63,514063,,,
b_0,1184,FieldBoss,64,514064,,,
b_0,1185,FieldBoss,65,514065,,,
b_0,1186,FieldBoss,66,514066,,,
b_0,1187,FieldBoss,67,514067,,,
b_0,1188,FieldBoss,68,514068,,,
b_0,1189,FieldBoss,69,514069,,,
b_0,1190,FieldBoss,70,514070,,,
b_0,1191,FieldBoss,71,514071,,,
b_0,1192,FieldBoss,72,514072,,,
b_0,1193,FieldBoss,73,514073,,,
b_0,1194,FieldBoss,74,514074,,,
b_0,1195,FieldBoss,75,514075,,,
b_0,1196,FieldBoss,76,514076,,,
b_0,1197,FieldBoss,77,514077,,,
b_0,1198,FieldBoss,78,514078,,,
b_0,1199,FieldBoss,79,514079,,,
b_0,1200,FieldBoss,80,514080,,,
b_0,1201,DungeonMonster1,1,515001,,,
b_0,1202,DungeonMonster1,2,515002,,,
b_0,1203,DungeonMonster1,3,515003,,,
b_0,1204,DungeonMonster1,4,515004,,,
b_0,1205,DungeonMonster1,5,515005,,,
b_0,1206,DungeonMonster1,6,515006,,,
b_0,1207,DungeonMonster1,7,515007,,,
b_0,1208,DungeonMonster1,8,515008,,,
b_0,1209,DungeonMonster1,9,515009,,,
b_0,1210,DungeonMonster1,10,515010,,,
b_0,1211,DungeonMonster1,11,515011,,,
b_0,1212,DungeonMonster1,12,515012,,,
b_0,1213,DungeonMonster1,13,515013,,,
b_0,1214,DungeonMonster1,14,515014,,,
b_0,1215,DungeonMonster1,15,515015,,,
b_0,1216,DungeonMonster1,16,515016,,,
b_0,1217,DungeonMonster1,17,515017,,,
b_0,1218,DungeonMonster1,18,515018,,,
b_0,1219,DungeonMonster1,19,515019,,,
b_0,1220,DungeonMonster1,20,515020,,,
b_0,1221,DungeonMonster1,21,515021,,,
b_0,1222,DungeonMonster1,22,515022,,,
b_0,1223,DungeonMonster1,23,515023,,,
b_0,1224,DungeonMonster1,24,515024,,,
b_0,1225,DungeonMonster1,25,515025,,,
b_0,1226,DungeonMonster1,26,515026,,,
b_0,1227,DungeonMonster1,27,515027,,,
b_0,1228,DungeonMonster1,28,515028,,,
b_0,1229,DungeonMonster1,29,515029,,,
b_0,1230,DungeonMonster1,30,515030,,,
b_0,1231,DungeonMonster1,31,515031,,,
b_0,1232,DungeonMonster1,32,515032,,,
b_0,1233,DungeonMonster1,33,515033,,,
b_0,1234,DungeonMonster1,34,515034,,,
b_0,1235,DungeonMonster1,35,515035,,,
b_0,1236,DungeonMonster1,36,515036,,,
b_0,1237,DungeonMonster1,37,515037,,,
b_0,1238,DungeonMonster1,38,515038,,,
b_0,1239,DungeonMonster1,39,515039,,,
b_0,1240,DungeonMonster1,40,515040,,,
b_0,1241,DungeonMonster1,41,515041,,,
b_0,1242,DungeonMonster1,42,515042,,,
b_0,1243,DungeonMonster1,43,515043,,,
b_0,1244,DungeonMonster1,44,515044,,,
b_0,1245,DungeonMonster1,45,515045,,,
b_0,1246,DungeonMonster1,46,515046,,,
b_0,1247,DungeonMonster1,47,515047,,,
b_0,1248,DungeonMonster1,48,515048,,,
b_0,1249,DungeonMonster1,49,515049,,,
b_0,1250,DungeonMonster1,50,515050,,,
b_0,1251,DungeonMonster1,51,515051,,,
b_0,1252,DungeonMonster1,52,515052,,,
b_0,1253,DungeonMonster1,53,515053,,,
b_0,1254,DungeonMonster1,54,515054,,,
b_0,1255,DungeonMonster1,55,515055,,,
b_0,1256,DungeonMonster1,56,515056,,,
b_0,1257,DungeonMonster1,57,515057,,,
b_0,1258,DungeonMonster1,58,515058,,,
b_0,1259,DungeonMonster1,59,515059,,,
b_0,1260,DungeonMonster1,60,515060,,,
b_0,1261,DungeonMonster1,61,515061,,,
b_0,1262,DungeonMonster1,62,515062,,,
b_0,1263,DungeonMonster1,63,515063,,,
b_0,1264,DungeonMonster1,64,515064,,,
b_0,1265,DungeonMonster1,65,515065,,,
b_0,1266,DungeonMonster1,66,515066,,,
b_0,1267,DungeonMonster1,67,515067,,,
b_0,1268,DungeonMonster1,68,515068,,,
b_0,1269,DungeonMonster1,69,515069,,,
b_0,1270,DungeonMonster1,70,515070,,,
b_0,1271,DungeonMonster1,71,515071,,,
b_0,1272,DungeonMonster1,72,515072,,,
b_0,1273,DungeonMonster1,73,515073,,,
b_0,1274,DungeonMonster1,74,515074,,,
b_0,1275,DungeonMonster1,75,515075,,,
b_0,1276,DungeonMonster1,76,515076,,,
b_0,1277,DungeonMonster1,77,515077,,,
b_0,1278,DungeonMonster1,78,515078,,,
b_0,1279,DungeonMonster1,79,515079,,,
b_0,1280,DungeonMonster1,80,515080,,,
b_0,1281,DungeonMonster2,1,516001,,,
b_0,1282,DungeonMonster2,2,516002,,,
b_0,1283,DungeonMonster2,3,516003,,,
b_0,1284,DungeonMonster2,4,516004,,,
b_0,1285,DungeonMonster2,5,516005,,,
b_0,1286,DungeonMonster2,6,516006,,,
b_0,1287,DungeonMonster2,7,516007,,,
b_0,1288,DungeonMonster2,8,516008,,,
b_0,1289,DungeonMonster2,9,516009,,,
b_0,1290,DungeonMonster2,10,516010,,,
b_0,1291,DungeonMonster2,11,516011,,,
b_0,1292,DungeonMonster2,12,516012,,,
b_0,1293,DungeonMonster2,13,516013,,,
b_0,1294,DungeonMonster2,14,516014,,,
b_0,1295,DungeonMonster2,15,516015,,,
b_0,1296,DungeonMonster2,16,516016,,,
b_0,1297,DungeonMonster2,17,516017,,,
b_0,1298,DungeonMonster2,18,516018,,,
b_0,1299,DungeonMonster2,19,516019,,,
b_0,1300,DungeonMonster2,20,516020,,,
b_0,1301,DungeonMonster2,21,516021,,,
b_0,1302,DungeonMonster2,22,516022,,,
b_0,1303,DungeonMonster2,23,516023,,,
b_0,1304,DungeonMonster2,24,516024,,,
b_0,1305,DungeonMonster2,25,516025,,,
b_0,1306,DungeonMonster2,26,516026,,,
b_0,1307,DungeonMonster2,27,516027,,,
b_0,1308,DungeonMonster2,28,516028,,,
b_0,1309,DungeonMonster2,29,516029,,,
b_0,1310,DungeonMonster2,30,516030,,,
b_0,1311,DungeonMonster2,31,516031,,,
b_0,1312,DungeonMonster2,32,516032,,,
b_0,1313,DungeonMonster2,33,516033,,,
b_0,1314,DungeonMonster2,34,516034,,,
b_0,1315,DungeonMonster2,35,516035,,,
b_0,1316,DungeonMonster2,36,516036,,,
b_0,1317,DungeonMonster2,37,516037,,,
b_0,1318,DungeonMonster2,38,516038,,,
b_0,1319,DungeonMonster2,39,516039,,,
b_0,1320,DungeonMonster2,40,516040,,,
b_0,1321,DungeonMonster2,41,516041,,,
b_0,1322,DungeonMonster2,42,516042,,,
b_0,1323,DungeonMonster2,43,516043,,,
b_0,1324,DungeonMonster2,44,516044,,,
b_0,1325,DungeonMonster2,45,516045,,,
b_0,1326,DungeonMonster2,46,516046,,,
b_0,1327,DungeonMonster2,47,516047,,,
b_0,1328,DungeonMonster2,48,516048,,,
b_0,1329,DungeonMonster2,49,516049,,,
b_0,1330,DungeonMonster2,50,516050,,,
b_0,1331,DungeonMonster2,51,516051,,,
b_0,1332,DungeonMonster2,52,516052,,,
b_0,1333,DungeonMonster2,53,516053,,,
b_0,1334,DungeonMonster2,54,516054,,,
b_0,1335,DungeonMonster2,55,516055,,,
b_0,1336,DungeonMonster2,56,516056,,,
b_0,1337,DungeonMonster2,57,516057,,,
b_0,1338,DungeonMonster2,58,516058,,,
b_0,1339,DungeonMonster2,59,516059,,,
b_0,1340,DungeonMonster2,60,516060,,,
b_0,1341,DungeonMonster2,61,516061,,,
b_0,1342,DungeonMonster2,62,516062,,,
b_0,1343,DungeonMonster2,63,516063,,,
b_0,1344,DungeonMonster2,64,516064,,,
b_0,1345,DungeonMonster2,65,516065,,,
b_0,1346,DungeonMonster2,66,516066,,,
b_0,1347,DungeonMonster2,67,516067,,,
b_0,1348,DungeonMonster2,68,516068,,,
b_0,1349,DungeonMonster2,69,516069,,,
b_0,1350,DungeonMonster2,70,516070,,,
b_0,1351,DungeonMonster2,71,516071,,,
b_0,1352,DungeonMonster2,72,516072,,,
b_0,1353,DungeonMonster2,73,516073,,,
b_0,1354,DungeonMonster2,74,516074,,,
b_0,1355,DungeonMonster2,75,516075,,,
b_0,1356,DungeonMonster2,76,516076,,,
b_0,1357,DungeonMonster2,77,516077,,,
b_0,1358,DungeonMonster2,78,516078,,,
b_0,1359,DungeonMonster2,79,516079,,,
b_0,1360,DungeonMonster2,80,516080,,,
b_0,1361,DungeonBoss,1,517001,,,
b_0,1362,DungeonBoss,2,517002,,,
b_0,1363,DungeonBoss,3,517003,,,
b_0,1364,DungeonBoss,4,517004,,,
b_0,1365,DungeonBoss,5,517005,,,
b_0,1366,DungeonBoss,6,517006,,,
b_0,1367,DungeonBoss,7,517007,,,
b_0,1368,DungeonBoss,8,517008,,,
b_0,1369,DungeonBoss,9,517009,,,
b_0,1370,DungeonBoss,10,517010,,,
b_0,1371,DungeonBoss,11,517011,,,
b_0,1372,DungeonBoss,12,517012,,,
b_0,1373,DungeonBoss,13,517013,,,
b_0,1374,DungeonBoss,14,517014,,,
b_0,1375,DungeonBoss,15,517015,,,
b_0,1376,DungeonBoss,16,517016,,,
b_0,1377,DungeonBoss,17,517017,,,
b_0,1378,DungeonBoss,18,517018,,,
b_0,1379,DungeonBoss,19,517019,,,
b_0,1380,DungeonBoss,20,517020,,,
b_0,1381,DungeonBoss,21,517021,,,
b_0,1382,DungeonBoss,22,517022,,,
b_0,1383,DungeonBoss,23,517023,,,
b_0,1384,DungeonBoss,24,517024,,,
b_0,1385,DungeonBoss,25,517025,,,
b_0,1386,DungeonBoss,26,517026,,,
b_0,1387,DungeonBoss,27,517027,,,
b_0,1388,DungeonBoss,28,517028,,,
b_0,1389,DungeonBoss,29,517029,,,
b_0,1390,DungeonBoss,30,517030,,,
b_0,1391,DungeonBoss,31,517031,,,
b_0,1392,DungeonBoss,32,517032,,,
b_0,1393,DungeonBoss,33,517033,,,
b_0,1394,DungeonBoss,34,517034,,,
b_0,1395,DungeonBoss,35,517035,,,
b_0,1396,DungeonBoss,36,517036,,,
b_0,1397,DungeonBoss,37,517037,,,
b_0,1398,DungeonBoss,38,517038,,,
b_0,1399,DungeonBoss,39,517039,,,
b_0,1400,DungeonBoss,40,517040,,,
b_0,1401,DungeonBoss,41,517041,,,
b_0,1402,DungeonBoss,42,517042,,,
b_0,1403,DungeonBoss,43,517043,,,
b_0,1404,DungeonBoss,44,517044,,,
b_0,1405,DungeonBoss,45,517045,,,
b_0,1406,DungeonBoss,46,517046,,,
b_0,1407,DungeonBoss,47,517047,,,
b_0,1408,DungeonBoss,48,517048,,,
b_0,1409,DungeonBoss,49,517049,,,
b_0,1410,DungeonBoss,50,517050,,,
b_0,1411,DungeonBoss,51,517051,,,
b_0,1412,DungeonBoss,52,517052,,,
b_0,1413,DungeonBoss,53,517053,,,
b_0,1414,DungeonBoss,54,517054,,,
b_0,1415,DungeonBoss,55,517055,,,
b_0,1416,DungeonBoss,56,517056,,,
b_0,1417,DungeonBoss,57,517057,,,
b_0,1418,DungeonBoss,58,517058,,,
b_0,1419,DungeonBoss,59,517059,,,
b_0,1420,DungeonBoss,60,517060,,,
b_0,1421,DungeonBoss,61,517061,,,
b_0,1422,DungeonBoss,62,517062,,,
b_0,1423,DungeonBoss,63,517063,,,
b_0,1424,DungeonBoss,64,517064,,,
b_0,1425,DungeonBoss,65,517065,,,
b_0,1426,DungeonBoss,66,517066,,,
b_0,1427,DungeonBoss,67,517067,,,
b_0,1428,DungeonBoss,68,517068,,,
b_0,1429,DungeonBoss,69,517069,,,
b_0,1430,DungeonBoss,70,517070,,,
b_0,1431,DungeonBoss,71,517071,,,
b_0,1432,DungeonBoss,72,517072,,,
b_0,1433,DungeonBoss,73,517073,,,
b_0,1434,DungeonBoss,74,517074,,,
b_0,1435,DungeonBoss,75,517075,,,
b_0,1436,DungeonBoss,76,517076,,,
b_0,1437,DungeonBoss,77,517077,,,
b_0,1438,DungeonBoss,78,517078,,,
b_0,1439,DungeonBoss,79,517079,,,
b_0,1440,DungeonBoss,80,517080,,,
b_0,1441,MultiTotem,1,518001,,,
b_0,1442,MultiTotem,2,518002,,,
b_0,1443,MultiTotem,3,518003,,,
b_0,1444,MultiTotem,4,518004,,,
b_0,1445,MultiTotem,5,518005,,,
b_0,1446,MultiTotem,6,518006,,,
b_0,1447,MultiTotem,7,518007,,,
b_0,1448,MultiTotem,8,518008,,,
b_0,1449,MultiTotem,9,518009,,,
b_0,1450,MultiTotem,10,518010,,,
b_0,1451,MultiTotem,11,518011,,,
b_0,1452,MultiTotem,12,518012,,,
b_0,1453,MultiTotem,13,518013,,,
b_0,1454,MultiTotem,14,518014,,,
b_0,1455,MultiTotem,15,518015,,,
b_0,1456,MultiTotem,16,518016,,,
b_0,1457,MultiTotem,17,518017,,,
b_0,1458,MultiTotem,18,518018,,,
b_0,1459,MultiTotem,19,518019,,,
b_0,1460,MultiTotem,20,518020,,,
b_0,1461,MultiTotem,21,518021,,,
b_0,1462,MultiTotem,22,518022,,,
b_0,1463,MultiTotem,23,518023,,,
b_0,1464,MultiTotem,24,518024,,,
b_0,1465,MultiTotem,25,518025,,,
b_0,1466,MultiTotem,26,518026,,,
b_0,1467,MultiTotem,27,518027,,,
b_0,1468,MultiTotem,28,518028,,,
b_0,1469,MultiTotem,29,518029,,,
b_0,1470,MultiTotem,30,518030,,,
b_0,1471,MultiTotem,31,518031,,,
b_0,1472,MultiTotem,32,518032,,,
b_0,1473,MultiTotem,33,518033,,,
b_0,1474,MultiTotem,34,518034,,,
b_0,1475,MultiTotem,35,518035,,,
b_0,1476,MultiTotem,36,518036,,,
b_0,1477,MultiTotem,37,518037,,,
b_0,1478,MultiTotem,38,518038,,,
b_0,1479,MultiTotem,39,518039,,,
b_0,1480,MultiTotem,40,518040,,,
b_0,1481,MultiTotem,41,518041,,,
b_0,1482,MultiTotem,42,518042,,,
b_0,1483,MultiTotem,43,518043,,,
b_0,1484,MultiTotem,44,518044,,,
b_0,1485,MultiTotem,45,518045,,,
b_0,1486,MultiTotem,46,518046,,,
b_0,1487,MultiTotem,47,518047,,,
b_0,1488,MultiTotem,48,518048,,,
b_0,1489,MultiTotem,49,518049,,,
b_0,1490,MultiTotem,50,518050,,,
b_0,1491,MultiTotem,51,518051,,,
b_0,1492,MultiTotem,52,518052,,,
b_0,1493,MultiTotem,53,518053,,,
b_0,1494,MultiTotem,54,518054,,,
b_0,1495,MultiTotem,55,518055,,,
b_0,1496,MultiTotem,56,518056,,,
b_0,1497,MultiTotem,57,518057,,,
b_0,1498,MultiTotem,58,518058,,,
b_0,1499,MultiTotem,59,518059,,,
b_0,1500,MultiTotem,60,518060,,,
b_0,1501,MultiTotem,61,518061,,,
b_0,1502,MultiTotem,62,518062,,,
b_0,1503,MultiTotem,63,518063,,,
b_0,1504,MultiTotem,64,518064,,,
b_0,1505,MultiTotem,65,518065,,,
b_0,1506,MultiTotem,66,518066,,,
b_0,1507,MultiTotem,67,518067,,,
b_0,1508,MultiTotem,68,518068,,,
b_0,1509,MultiTotem,69,518069,,,
b_0,1510,MultiTotem,70,518070,,,
b_0,1511,MultiTotem,71,518071,,,
b_0,1512,MultiTotem,72,518072,,,
b_0,1513,MultiTotem,73,518073,,,
b_0,1514,MultiTotem,74,518074,,,
b_0,1515,MultiTotem,75,518075,,,
b_0,1516,MultiTotem,76,518076,,,
b_0,1517,MultiTotem,77,518077,,,
b_0,1518,MultiTotem,78,518078,,,
b_0,1519,MultiTotem,79,518079,,,
b_0,1520,MultiTotem,80,518080,,,
b_0,1521,Guardian,1,519001,,,
b_0,1522,Guardian,2,519002,,,
b_0,1523,Guardian,3,519003,,,
b_0,1524,Guardian,4,519004,,,
b_0,1525,Guardian,5,519005,,,
b_0,1526,Guardian,6,519006,,,
b_0,1527,Guardian,7,519007,,,
b_0,1528,Guardian,8,519008,,,
b_0,1529,Guardian,9,519009,,,
b_0,1530,Guardian,10,519010,,,
b_0,1531,Guardian,11,519011,,,
b_0,1532,Guardian,12,519012,,,
b_0,1533,Guardian,13,519013,,,
b_0,1534,Guardian,14,519014,,,
b_0,1535,Guardian,15,519015,,,
b_0,1536,Guardian,16,519016,,,
b_0,1537,Guardian,17,519017,,,
b_0,1538,Guardian,18,519018,,,
b_0,1539,Guardian,19,519019,,,
b_0,1540,Guardian,20,519020,,,
b_0,1541,Guardian,21,519021,,,
b_0,1542,Guardian,22,519022,,,
b_0,1543,Guardian,23,519023,,,
b_0,1544,Guardian,24,519024,,,
b_0,1545,Guardian,25,519025,,,
b_0,1546,Guardian,26,519026,,,
b_0,1547,Guardian,27,519027,,,
b_0,1548,Guardian,28,519028,,,
b_0,1549,Guardian,29,519029,,,
b_0,1550,Guardian,30,519030,,,
b_0,1551,Guardian,31,519031,,,
b_0,1552,Guardian,32,519032,,,
b_0,1553,Guardian,33,519033,,,
b_0,1554,Guardian,34,519034,,,
b_0,1555,Guardian,35,519035,,,
b_0,1556,Guardian,36,519036,,,
b_0,1557,Guardian,37,519037,,,
b_0,1558,Guardian,38,519038,,,
b_0,1559,Guardian,39,519039,,,
b_0,1560,Guardian,40,519040,,,
b_0,1561,Guardian,41,519041,,,
b_0,1562,Guardian,42,519042,,,
b_0,1563,Guardian,43,519043,,,
b_0,1564,Guardian,44,519044,,,
b_0,1565,Guardian,45,519045,,,
b_0,1566,Guardian,46,519046,,,
b_0,1567,Guardian,47,519047,,,
b_0,1568,Guardian,48,519048,,,
b_0,1569,Guardian,49,519049,,,
b_0,1570,Guardian,50,519050,,,
b_0,1571,Guardian,51,519051,,,
b_0,1572,Guardian,52,519052,,,
b_0,1573,Guardian,53,519053,,,
b_0,1574,Guardian,54,519054,,,
b_0,1575,Guardian,55,519055,,,
b_0,1576,Guardian,56,519056,,,
b_0,1577,Guardian,57,519057,,,
b_0,1578,Guardian,58,519058,,,
b_0,1579,Guardian,59,519059,,,
b_0,1580,Guardian,60,519060,,,
b_0,1581,Guardian,61,519061,,,
b_0,1582,Guardian,62,519062,,,
b_0,1583,Guardian,63,519063,,,
b_0,1584,Guardian,64,519064,,,
b_0,1585,Guardian,65,519065,,,
b_0,1586,Guardian,66,519066,,,
b_0,1587,Guardian,67,519067,,,
b_0,1588,Guardian,68,519068,,,
b_0,1589,Guardian,69,519069,,,
b_0,1590,Guardian,70,519070,,,
b_0,1591,Guardian,71,519071,,,
b_0,1592,Guardian,72,519072,,,
b_0,1593,Guardian,73,519073,,,
b_0,1594,Guardian,74,519074,,,
b_0,1595,Guardian,75,519075,,,
b_0,1596,Guardian,76,519076,,,
b_0,1597,Guardian,77,519077,,,
b_0,1598,Guardian,78,519078,,,
b_0,1599,Guardian,79,519079,,,
b_0,1600,Guardian,80,519080,,,
b_0,1601,MultiBossPower,1,520001,,,
b_0,1602,MultiBossPower,2,520002,,,
b_0,1603,MultiBossPower,3,520003,,,
b_0,1604,MultiBossPower,4,520004,,,
b_0,1605,MultiBossPower,5,520005,,,
b_0,1606,MultiBossPower,6,520006,,,
b_0,1607,MultiBossPower,7,520007,,,
b_0,1608,MultiBossPower,8,520008,,,
b_0,1609,MultiBossPower,9,520009,,,
b_0,1610,MultiBossPower,10,520010,,,
b_0,1611,MultiBossPower,11,520011,,,
b_0,1612,MultiBossPower,12,520012,,,
b_0,1613,MultiBossPower,13,520013,,,
b_0,1614,MultiBossPower,14,520014,,,
b_0,1615,MultiBossPower,15,520015,,,
b_0,1616,MultiBossPower,16,520016,,,
b_0,1617,MultiBossPower,17,520017,,,
b_0,1618,MultiBossPower,18,520018,,,
b_0,1619,MultiBossPower,19,520019,,,
b_0,1620,MultiBossPower,20,520020,,,
b_0,1621,MultiBossPower,21,520021,,,
b_0,1622,MultiBossPower,22,520022,,,
b_0,1623,MultiBossPower,23,520023,,,
b_0,1624,MultiBossPower,24,520024,,,
b_0,1625,MultiBossPower,25,520025,,,
b_0,1626,MultiBossPower,26,520026,,,
b_0,1627,MultiBossPower,27,520027,,,
b_0,1628,MultiBossPower,28,520028,,,
b_0,1629,MultiBossPower,29,520029,,,
b_0,1630,MultiBossPower,30,520030,,,
b_0,1631,MultiBossPower,31,520031,,,
b_0,1632,MultiBossPower,32,520032,,,
b_0,1633,MultiBossPower,33,520033,,,
b_0,1634,MultiBossPower,34,520034,,,
b_0,1635,MultiBossPower,35,520035,,,
b_0,1636,MultiBossPower,36,520036,,,
b_0,1637,MultiBossPower,37,520037,,,
b_0,1638,MultiBossPower,38,520038,,,
b_0,1639,MultiBossPower,39,520039,,,
b_0,1640,MultiBossPower,40,520040,,,
b_0,1641,MultiBossPower,41,520041,,,
b_0,1642,MultiBossPower,42,520042,,,
b_0,1643,MultiBossPower,43,520043,,,
b_0,1644,MultiBossPower,44,520044,,,
b_0,1645,MultiBossPower,45,520045,,,
b_0,1646,MultiBossPower,46,520046,,,
b_0,1647,MultiBossPower,47,520047,,,
b_0,1648,MultiBossPower,48,520048,,,
b_0,1649,MultiBossPower,49,520049,,,
b_0,1650,MultiBossPower,50,520050,,,
b_0,1651,MultiBossPower,51,520051,,,
b_0,1652,MultiBossPower,52,520052,,,
b_0,1653,MultiBossPower,53,520053,,,
b_0,1654,MultiBossPower,54,520054,,,
b_0,1655,MultiBossPower,55,520055,,,
b_0,1656,MultiBossPower,56,520056,,,
b_0,1657,MultiBossPower,57,520057,,,
b_0,1658,MultiBossPower,58,520058,,,
b_0,1659,MultiBossPower,59,520059,,,
b_0,1660,MultiBossPower,60,520060,,,
b_0,1661,MultiBossPower,61,520061,,,
b_0,1662,MultiBossPower,62,520062,,,
b_0,1663,MultiBossPower,63,520063,,,
b_0,1664,MultiBossPower,64,520064,,,
b_0,1665,MultiBossPower,65,520065,,,
b_0,1666,MultiBossPower,66,520066,,,
b_0,1667,MultiBossPower,67,520067,,,
b_0,1668,MultiBossPower,68,520068,,,
b_0,1669,MultiBossPower,69,520069,,,
b_0,1670,MultiBossPower,70,520070,,,
b_0,1671,MultiBossPower,71,520071,,,
b_0,1672,MultiBossPower,72,520072,,,
b_0,1673,MultiBossPower,73,520073,,,
b_0,1674,MultiBossPower,74,520074,,,
b_0,1675,MultiBossPower,75,520075,,,
b_0,1676,MultiBossPower,76,520076,,,
b_0,1677,MultiBossPower,77,520077,,,
b_0,1678,MultiBossPower,78,520078,,,
b_0,1679,MultiBossPower,79,520079,,,
b_0,1680,MultiBossPower,80,520080,,,
b_0,1681,SoloPower,1,521001,,,
b_0,1682,SoloPower,2,521002,,,
b_0,1683,SoloPower,3,521003,,,
b_0,1684,SoloPower,4,521004,,,
b_0,1685,SoloPower,5,521005,,,
b_0,1686,SoloPower,6,521006,,,
b_0,1687,SoloPower,7,521007,,,
b_0,1688,SoloPower,8,521008,,,
b_0,1689,SoloPower,9,521009,,,
b_0,1690,SoloPower,10,521010,,,
b_0,1691,SoloPower,11,521011,,,
b_0,1692,SoloPower,12,521012,,,
b_0,1693,SoloPower,13,521013,,,
b_0,1694,SoloPower,14,521014,,,
b_0,1695,SoloPower,15,521015,,,
b_0,1696,SoloPower,16,521016,,,
b_0,1697,SoloPower,17,521017,,,
b_0,1698,SoloPower,18,521018,,,
b_0,1699,SoloPower,19,521019,,,
b_0,1700,SoloPower,20,521020,,,
b_0,1701,SoloPower,21,521021,,,
b_0,1702,SoloPower,22,521022,,,
b_0,1703,SoloPower,23,521023,,,
b_0,1704,SoloPower,24,521024,,,
b_0,1705,SoloPower,25,521025,,,
b_0,1706,SoloPower,26,521026,,,
b_0,1707,SoloPower,27,521027,,,
b_0,1708,SoloPower,28,521028,,,
b_0,1709,SoloPower,29,521029,,,
b_0,1710,SoloPower,30,521030,,,
b_0,1711,SoloPower,31,521031,,,
b_0,1712,SoloPower,32,521032,,,
b_0,1713,SoloPower,33,521033,,,
b_0,1714,SoloPower,34,521034,,,
b_0,1715,SoloPower,35,521035,,,
b_0,1716,SoloPower,36,521036,,,
b_0,1717,SoloPower,37,521037,,,
b_0,1718,SoloPower,38,521038,,,
b_0,1719,SoloPower,39,521039,,,
b_0,1720,SoloPower,40,521040,,,
b_0,1721,SoloPower,41,521041,,,
b_0,1722,SoloPower,42,521042,,,
b_0,1723,SoloPower,43,521043,,,
b_0,1724,SoloPower,44,521044,,,
b_0,1725,SoloPower,45,521045,,,
b_0,1726,SoloPower,46,521046,,,
b_0,1727,SoloPower,47,521047,,,
b_0,1728,SoloPower,48,521048,,,
b_0,1729,SoloPower,49,521049,,,
b_0,1730,SoloPower,50,521050,,,
b_0,1731,SoloPower,51,521051,,,
b_0,1732,SoloPower,52,521052,,,
b_0,1733,SoloPower,53,521053,,,
b_0,1734,SoloPower,54,521054,,,
b_0,1735,SoloPower,55,521055,,,
b_0,1736,SoloPower,56,521056,,,
b_0,1737,SoloPower,57,521057,,,
b_0,1738,SoloPower,58,521058,,,
b_0,1739,SoloPower,59,521059,,,
b_0,1740,SoloPower,60,521060,,,
b_0,1741,SoloPower,61,521061,,,
b_0,1742,SoloPower,62,521062,,,
b_0,1743,SoloPower,63,521063,,,
b_0,1744,SoloPower,64,521064,,,
b_0,1745,SoloPower,65,521065,,,
b_0,1746,SoloPower,66,521066,,,
b_0,1747,SoloPower,67,521067,,,
b_0,1748,SoloPower,68,521068,,,
b_0,1749,SoloPower,69,521069,,,
b_0,1750,SoloPower,70,521070,,,
b_0,1751,SoloPower,71,521071,,,
b_0,1752,SoloPower,72,521072,,,
b_0,1753,SoloPower,73,521073,,,
b_0,1754,SoloPower,74,521074,,,
b_0,1755,SoloPower,75,521075,,,
b_0,1756,SoloPower,76,521076,,,
b_0,1757,SoloPower,77,521077,,,
b_0,1758,SoloPower,78,521078,,,
b_0,1759,SoloPower,79,521079,,,
b_0,1760,SoloPower,80,521080,,,
b_0,1761,AttackTwice,1,522001,,,
b_0,1762,AttackTwice,2,522002,,,
b_0,1763,AttackTwice,3,522003,,,
b_0,1764,AttackTwice,4,522004,,,
b_0,1765,AttackTwice,5,522005,,,
b_0,1766,AttackTwice,6,522006,,,
b_0,1767,AttackTwice,7,522007,,,
b_0,1768,AttackTwice,8,522008,,,
b_0,1769,AttackTwice,9,522009,,,
b_0,1770,AttackTwice,10,522010,,,
b_0,1771,AttackTwice,11,522011,,,
b_0,1772,AttackTwice,12,522012,,,
b_0,1773,AttackTwice,13,522013,,,
b_0,1774,AttackTwice,14,522014,,,
b_0,1775,AttackTwice,15,522015,,,
b_0,1776,AttackTwice,16,522016,,,
b_0,1777,AttackTwice,17,522017,,,
b_0,1778,AttackTwice,18,522018,,,
b_0,1779,AttackTwice,19,522019,,,
b_0,1780,AttackTwice,20,522020,,,
b_0,1781,AttackTwice,21,522021,,,
b_0,1782,AttackTwice,22,522022,,,
b_0,1783,AttackTwice,23,522023,,,
b_0,1784,AttackTwice,24,522024,,,
b_0,1785,AttackTwice,25,522025,,,
b_0,1786,AttackTwice,26,522026,,,
b_0,1787,AttackTwice,27,522027,,,
b_0,1788,AttackTwice,28,522028,,,
b_0,1789,AttackTwice,29,522029,,,
b_0,1790,AttackTwice,30,522030,,,
b_0,1791,AttackTwice,31,522031,,,
b_0,1792,AttackTwice,32,522032,,,
b_0,1793,AttackTwice,33,522033,,,
b_0,1794,AttackTwice,34,522034,,,
b_0,1795,AttackTwice,35,522035,,,
b_0,1796,AttackTwice,36,522036,,,
b_0,1797,AttackTwice,37,522037,,,
b_0,1798,AttackTwice,38,522038,,,
b_0,1799,AttackTwice,39,522039,,,
b_0,1800,AttackTwice,40,522040,,,
b_0,1801,AttackTwice,41,522041,,,
b_0,1802,AttackTwice,42,522042,,,
b_0,1803,AttackTwice,43,522043,,,
b_0,1804,AttackTwice,44,522044,,,
b_0,1805,AttackTwice,45,522045,,,
b_0,1806,AttackTwice,46,522046,,,
b_0,1807,AttackTwice,47,522047,,,
b_0,1808,AttackTwice,48,522048,,,
b_0,1809,AttackTwice,49,522049,,,
b_0,1810,AttackTwice,50,522050,,,
b_0,1811,AttackTwice,51,522051,,,
b_0,1812,AttackTwice,52,522052,,,
b_0,1813,AttackTwice,53,522053,,,
b_0,1814,AttackTwice,54,522054,,,
b_0,1815,AttackTwice,55,522055,,,
b_0,1816,AttackTwice,56,522056,,,
b_0,1817,AttackTwice,57,522057,,,
b_0,1818,AttackTwice,58,522058,,,
b_0,1819,AttackTwice,59,522059,,,
b_0,1820,AttackTwice,60,522060,,,
b_0,1821,AttackTwice,61,522061,,,
b_0,1822,AttackTwice,62,522062,,,
b_0,1823,AttackTwice,63,522063,,,
b_0,1824,AttackTwice,64,522064,,,
b_0,1825,AttackTwice,65,522065,,,
b_0,1826,AttackTwice,66,522066,,,
b_0,1827,AttackTwice,67,522067,,,
b_0,1828,AttackTwice,68,522068,,,
b_0,1829,AttackTwice,69,522069,,,
b_0,1830,AttackTwice,70,522070,,,
b_0,1831,AttackTwice,71,522071,,,
b_0,1832,AttackTwice,72,522072,,,
b_0,1833,AttackTwice,73,522073,,,
b_0,1834,AttackTwice,74,522074,,,
b_0,1835,AttackTwice,75,522075,,,
b_0,1836,AttackTwice,76,522076,,,
b_0,1837,AttackTwice,77,522077,,,
b_0,1838,AttackTwice,78,522078,,,
b_0,1839,AttackTwice,79,522079,,,
b_0,1840,AttackTwice,80,522080,,,
b_0,1841,NPC,1,523001,,,
b_0,1842,NPC,2,523002,,,
b_0,1843,NPC,3,523003,,,
b_0,1844,NPC,4,523004,,,
b_0,1845,NPC,5,523005,,,
b_0,1846,NPC,6,523006,,,
b_0,1847,NPC,7,523007,,,
b_0,1848,NPC,8,523008,,,
b_0,1849,NPC,9,523009,,,
b_0,1850,NPC,10,523010,,,
b_0,1851,NPC,11,523011,,,
b_0,1852,NPC,12,523012,,,
b_0,1853,NPC,13,523013,,,
b_0,1854,NPC,14,523014,,,
b_0,1855,NPC,15,523015,,,
b_0,1856,NPC,16,523016,,,
b_0,1857,NPC,17,523017,,,
b_0,1858,NPC,18,523018,,,
b_0,1859,NPC,19,523019,,,
b_0,1860,NPC,20,523020,,,
b_0,1861,NPC,21,523021,,,
b_0,1862,NPC,22,523022,,,
b_0,1863,NPC,23,523023,,,
b_0,1864,NPC,24,523024,,,
b_0,1865,NPC,25,523025,,,
b_0,1866,NPC,26,523026,,,
b_0,1867,NPC,27,523027,,,
b_0,1868,NPC,28,523028,,,
b_0,1869,NPC,29,523029,,,
b_0,1870,NPC,30,523030,,,
b_0,1871,NPC,31,523031,,,
b_0,1872,NPC,32,523032,,,
b_0,1873,NPC,33,523033,,,
b_0,1874,NPC,34,523034,,,
b_0,1875,NPC,35,523035,,,
b_0,1876,NPC,36,523036,,,
b_0,1877,NPC,37,523037,,,
b_0,1878,NPC,38,523038,,,
b_0,1879,NPC,39,523039,,,
b_0,1880,NPC,40,523040,,,
b_0,1881,NPC,41,523041,,,
b_0,1882,NPC,42,523042,,,
b_0,1883,NPC,43,523043,,,
b_0,1884,NPC,44,523044,,,
b_0,1885,NPC,45,523045,,,
b_0,1886,NPC,46,523046,,,
b_0,1887,NPC,47,523047,,,
b_0,1888,NPC,48,523048,,,
b_0,1889,NPC,49,523049,,,
b_0,1890,NPC,50,523050,,,
b_0,1891,NPC,51,523051,,,
b_0,1892,NPC,52,523052,,,
b_0,1893,NPC,53,523053,,,
b_0,1894,NPC,54,523054,,,
b_0,1895,NPC,55,523055,,,
b_0,1896,NPC,56,523056,,,
b_0,1897,NPC,57,523057,,,
b_0,1898,NPC,58,523058,,,
b_0,1899,NPC,59,523059,,,
b_0,1900,NPC,60,523060,,,
b_0,1901,NPC,61,523061,,,
b_0,1902,NPC,62,523062,,,
b_0,1903,NPC,63,523063,,,
b_0,1904,NPC,64,523064,,,
b_0,1905,NPC,65,523065,,,
b_0,1906,NPC,66,523066,,,
b_0,1907,NPC,67,523067,,,
b_0,1908,NPC,68,523068,,,
b_0,1909,NPC,69,523069,,,
b_0,1910,NPC,70,523070,,,
b_0,1911,NPC,71,523071,,,
b_0,1912,NPC,72,523072,,,
b_0,1913,NPC,73,523073,,,
b_0,1914,NPC,74,523074,,,
b_0,1915,NPC,75,523075,,,
b_0,1916,NPC,76,523076,,,
b_0,1917,NPC,77,523077,,,
b_0,1918,NPC,78,523078,,,
b_0,1919,NPC,79,523079,,,
b_0,1920,NPC,80,523080,,,
b_0,1921,TEST,1,599999,,,
b_0,1922,TEST,2,599999,,,
b_0,1923,TEST,3,599999,,,
b_0,1924,TEST,4,599999,,,
b_0,1925,TEST,5,599999,,,
b_0,1926,TEST,6,599999,,,
b_0,1927,TEST,7,599999,,,
b_0,1928,TEST,8,599999,,,
b_0,1929,TEST,9,599999,,,
b_0,1930,TEST,10,599999,,,
b_0,1931,TEST,11,599999,,,
b_0,1932,TEST,12,599999,,,
b_0,1933,TEST,13,599999,,,
b_0,1934,TEST,14,599999,,,
b_0,1935,TEST,15,599999,,,
b_0,1936,TEST,16,599999,,,
b_0,1937,TEST,17,599999,,,
b_0,1938,TEST,18,599999,,,
b_0,1939,TEST,19,599999,,,
b_0,1940,TEST,20,599999,,,
b_0,1941,TEST,21,599999,,,
b_0,1942,TEST,22,599999,,,
b_0,1943,TEST,23,599999,,,
b_0,1944,TEST,24,599999,,,
b_0,1945,TEST,25,599999,,,
b_0,1946,TEST,26,599999,,,
b_0,1947,TEST,27,599999,,,
b_0,1948,TEST,28,599999,,,
b_0,1949,TEST,29,599999,,,
b_0,1950,TEST,30,599999,,,
b_0,1951,TEST,31,599999,,,
b_0,1952,TEST,32,599999,,,
b_0,1953,TEST,33,599999,,,
b_0,1954,TEST,34,599999,,,
b_0,1955,TEST,35,599999,,,
b_0,1956,TEST,36,599999,,,
b_0,1957,TEST,37,599999,,,
b_0,1958,TEST,38,599999,,,
b_0,1959,TEST,39,599999,,,
b_0,1960,TEST,40,599999,,,
b_0,1961,TEST,41,599999,,,
b_0,1962,TEST,42,599999,,,
b_0,1963,TEST,43,599999,,,
b_0,1964,TEST,44,599999,,,
b_0,1965,TEST,45,599999,,,
b_0,1966,TEST,46,599999,,,
b_0,1967,TEST,47,599999,,,
b_0,1968,TEST,48,599999,,,
b_0,1969,TEST,49,599999,,,
b_0,1970,TEST,50,599999,,,
b_0,1971,TEST,51,599999,,,
b_0,1972,TEST,52,599999,,,
b_0,1973,TEST,53,599999,,,
b_0,1974,TEST,54,599999,,,
b_0,1975,TEST,55,599999,,,
b_0,1976,TEST,56,599999,,,
b_0,1977,TEST,57,599999,,,
b_0,1978,TEST,58,599999,,,
b_0,1979,TEST,59,599999,,,
b_0,1980,TEST,60,599999,,,
b_0,1981,TEST,61,599999,,,
b_0,1982,TEST,62,599999,,,
b_0,1983,TEST,63,599999,,,
b_0,1984,TEST,64,599999,,,
b_0,1985,TEST,65,599999,,,
b_0,1986,TEST,66,599999,,,
b_0,1987,TEST,67,599999,,,
b_0,1988,TEST,68,599999,,,
b_0,1989,TEST,69,599999,,,
b_0,1990,TEST,70,599999,,,
b_0,1991,TEST,71,599999,,,
b_0,1992,TEST,72,599999,,,
b_0,1993,TEST,73,599999,,,
b_0,1994,TEST,74,599999,,,
b_0,1995,TEST,75,599999,,,
b_0,1996,TEST,76,599999,,,
b_0,1997,TEST,77,599999,,,
b_0,1998,TEST,78,599999,,,
b_0,1999,TEST,79,599999,,,
b_0,2000,TEST,80,599999,,,
