속성,QuestID,Tag,QuestMainCategory,QuestSubCategory,ViewOrder,IsSeed,IsSequential,IsFixed,IsObserver,NextQuestIDs,PrerequisiteIDs,QuestTitle,PanelDescription,RewardBagID,GoalIDs,NeedGuide,NeedQuickSlot,NeedCompletedInformation,ImagePath,StartQuestStatus,IsStoreProgressDB,ShowLevel
b_0,1,일일미션 - 일일미션 올 클리어,Mission,DailyRepeatPrivate,1,FALSE,FALSE,TRUE,TRUE,0,101,,,1,10,FALSE,FALSE,TRUE,icon_mission_mission,Progress,TRUE,
b_0,2,일일미션 - 로그인,Mission,DailyRepeatPrivate,2,FALSE,FALSE,TRUE,FALSE,0,101,,,2,20,FALSE,FALSE,TRUE,icon_mission_login,WaitingForReward,TRUE,
b_0,3,일일미션 - 몬스터 사냥하기,Mission,DailyRepeatPrivate,3,FALSE,FALSE,FALSE,FALSE,0,101,,,3,30,FALSE,FALSE,TRUE,icon_mission_monster,Progress,TRUE,
b_0,4,일일미션 - 포션 사용하기,Mission,DailyRepeatPrivate,4,FALSE,FALSE,FALSE,FALSE,0,101,,,4,40,FALSE,FALSE,TRUE,icon_mission_potion,Progress,TRUE,
b_0,5,일일미션 - 골드 사용하기,Mission,DailyRepeatPrivate,5,FALSE,FALSE,FALSE,FALSE,0,101,,,5,50,FALSE,FALSE,TRUE,icon_mission_gold,Progress,TRUE,
b_0,6,일일미션 - 솔로 레이드 클리어,Mission,DailyRepeatPrivate,6,FALSE,FALSE,FALSE,FALSE,0,101,,,6,60,FALSE,FALSE,TRUE,icon_mission_raid,Progress,TRUE,
b_0,7,일일미션 - 멀티 레이드 클리어,Mission,DailyRepeatPrivate,7,FALSE,FALSE,FALSE,FALSE,0,101,,,7,70,FALSE,FALSE,TRUE,icon_mission_raid,Progress,TRUE,
b_0,20,주간미션 - 주간미션 올 클리어,Mission,WeeklyRepeatPrivate,1,FALSE,FALSE,TRUE,TRUE,0,101,,,20,200,FALSE,FALSE,TRUE,icon_mission_mission,Progress,TRUE,
b_0,21,주간미션 - 몬스터 사냥하기,Mission,WeeklyRepeatPrivate,2,FALSE,FALSE,FALSE,FALSE,0,101,,,21,210,FALSE,FALSE,TRUE,icon_mission_monster,Progress,TRUE,
b_0,22,주간미션 - 아이템 강화하기,Mission,WeeklyRepeatPrivate,3,FALSE,FALSE,FALSE,FALSE,0,101,,,22,220,FALSE,FALSE,TRUE,icon_mission_enchant,Progress,TRUE,
b_0,23,주간미션 - 골드 획득하기,Mission,WeeklyRepeatPrivate,4,FALSE,FALSE,FALSE,FALSE,0,101,,,23,230,FALSE,FALSE,TRUE,icon_mission_gold,Progress,TRUE,
b_0,24,주간미션 - 솔로 레이드 클리어,Mission,WeeklyRepeatPrivate,5,FALSE,FALSE,FALSE,FALSE,0,101,,,24,240,FALSE,FALSE,TRUE,icon_mission_raid,Progress,TRUE,
b_0,25,주간미션 - 멀티 레이드 클리어,Mission,WeeklyRepeatPrivate,6,FALSE,FALSE,FALSE,FALSE,0,101,,,25,250,FALSE,FALSE,TRUE,icon_mission_raid,Progress,TRUE,
b_0,40,업적 - 골드 입수 1단계,Achievement,None,4,TRUE,FALSE,FALSE,FALSE,41,101,,,40,400,FALSE,FALSE,FALSE,icon_achievement_gold,Progress,TRUE,
b_0,41,업적 - 골드 입수 2단계,Achievement,None,4,FALSE,FALSE,FALSE,FALSE,42,101,,,41,410,FALSE,FALSE,FALSE,icon_achievement_gold,Progress,TRUE,
b_0,42,업적 - 골드 입수 3단계,Achievement,None,4,FALSE,FALSE,FALSE,FALSE,43,101,,,42,420,FALSE,FALSE,FALSE,icon_achievement_gold,Progress,TRUE,
b_0,43,업적 - 골드 입수 4단계,Achievement,None,4,FALSE,FALSE,FALSE,FALSE,44,101,,,43,430,FALSE,FALSE,FALSE,icon_achievement_gold,Progress,TRUE,
b_0,44,업적 - 골드 입수 5단계,Achievement,None,4,FALSE,FALSE,FALSE,FALSE,0,101,,,44,440,FALSE,FALSE,TRUE,icon_achievement_gold,Progress,TRUE,
b_0,45,업적 - 몬스터 사냥 1단계,Achievement,None,2,TRUE,FALSE,FALSE,FALSE,46,101,,,45,450,FALSE,FALSE,FALSE,icon_achievement_monster,Progress,TRUE,
b_0,46,업적 - 몬스터 사냥 2단계,Achievement,None,2,FALSE,FALSE,FALSE,FALSE,47,101,,,46,460,FALSE,FALSE,FALSE,icon_achievement_monster,Progress,TRUE,
b_0,47,업적 - 몬스터 사냥 3단계,Achievement,None,2,FALSE,FALSE,FALSE,FALSE,48,101,,,47,470,FALSE,FALSE,FALSE,icon_achievement_monster,Progress,TRUE,
b_0,48,업적 - 몬스터 사냥 4단계,Achievement,None,2,FALSE,FALSE,FALSE,FALSE,0,101,,,48,480,FALSE,FALSE,TRUE,icon_achievement_monster,Progress,TRUE,
b_0,49,업적 - 레벨 달성 1단계,Achievement,None,3,TRUE,FALSE,FALSE,FALSE,50,101,,,49,490,FALSE,FALSE,FALSE,icon_achievement_level,Progress,TRUE,
b_0,50,업적 - 레벨 달성 2단계,Achievement,None,3,FALSE,FALSE,FALSE,FALSE,51,101,,,50,500,FALSE,FALSE,FALSE,icon_achievement_level,Progress,TRUE,
b_0,51,업적 - 레벨 달성 3단계,Achievement,None,3,FALSE,FALSE,FALSE,FALSE,52,101,,,51,510,FALSE,FALSE,FALSE,icon_achievement_level,Progress,TRUE,
b_0,52,업적 - 레벨 달성 4단계,Achievement,None,3,FALSE,FALSE,FALSE,FALSE,53,101,,,52,520,FALSE,FALSE,FALSE,icon_achievement_level,Progress,TRUE,
b_0,53,업적 - 레벨 달성 5단계,Achievement,None,3,FALSE,FALSE,FALSE,FALSE,0,101,,,53,530,FALSE,FALSE,TRUE,icon_achievement_level,Progress,TRUE,
b_0,54,업적 - 포션 사용 1단계,Achievement,None,1,TRUE,FALSE,FALSE,FALSE,55,101,,,54,540,FALSE,FALSE,FALSE,icon_achievement_potion,Progress,TRUE,
b_0,55,업적 - 포션 사용 2단계,Achievement,None,1,FALSE,FALSE,FALSE,FALSE,56,101,,,55,550,FALSE,FALSE,FALSE,icon_achievement_potion,Progress,TRUE,
b_0,56,업적 - 포션 사용 3단계,Achievement,None,1,FALSE,FALSE,FALSE,FALSE,57,101,,,56,560,FALSE,FALSE,FALSE,icon_achievement_potion,Progress,TRUE,
b_0,57,업적 - 포션 사용 4단계,Achievement,None,1,FALSE,FALSE,FALSE,FALSE,58,101,,,57,570,FALSE,FALSE,FALSE,icon_achievement_potion,Progress,TRUE,
b_0,58,업적 - 포션 사용 5단계,Achievement,None,1,FALSE,FALSE,FALSE,FALSE,0,101,,,58,580,FALSE,FALSE,TRUE,icon_achievement_potion,Progress,TRUE,
b_0,59,업적 - 첫 클리어 위키드라임,Achievement,None,9,TRUE,FALSE,FALSE,FALSE,60,101,,,59,590,FALSE,FALSE,FALSE,icon_achievement_raidmonster,Progress,TRUE,
b_0,60,업적 - 첫 클리어 호드,Achievement,None,9,FALSE,FALSE,FALSE,FALSE,61,101,,,60,600,FALSE,FALSE,FALSE,icon_achievement_raidmonster,Progress,TRUE,
b_0,61,업적 - 첫 클리어 아케론,Achievement,None,9,FALSE,FALSE,FALSE,FALSE,62,101,,,61,610,FALSE,FALSE,FALSE,icon_achievement_raidmonster,Progress,TRUE,
b_0,62,업적 - 첫 클리어 카발라,Achievement,None,9,FALSE,FALSE,FALSE,FALSE,63,101,,,62,620,FALSE,FALSE,FALSE,icon_achievement_raidmonster,Progress,TRUE,
b_0,63,업적 - 첫 클리어 네르갈,Achievement,None,9,FALSE,FALSE,FALSE,FALSE,0,101,,,63,630,FALSE,FALSE,TRUE,icon_achievement_raidmonster,Progress,TRUE,
b_0,64,업적 - 첫 클리어 샤르쿠,Achievement,None,9,FALSE,FALSE,FALSE,FALSE,65,101,,,64,640,FALSE,FALSE,FALSE,icon_achievement_raidmonster,Progress,TRUE,
b_0,65,업적 - 골드 사용 1단계,Achievement,None,5,TRUE,FALSE,FALSE,FALSE,66,101,,,65,650,FALSE,FALSE,FALSE,icon_achievement_golduse,Progress,TRUE,
b_0,66,업적 - 골드 사용 2단계,Achievement,None,5,FALSE,FALSE,FALSE,FALSE,67,101,,,66,660,FALSE,FALSE,FALSE,icon_achievement_golduse,Progress,TRUE,
b_0,67,업적 - 골드 사용 3단계,Achievement,None,5,FALSE,FALSE,FALSE,FALSE,68,101,,,67,670,FALSE,FALSE,FALSE,icon_achievement_golduse,Progress,TRUE,
b_0,68,업적 - 골드 사용 4단계,Achievement,None,5,FALSE,FALSE,FALSE,FALSE,0,101,,,68,680,FALSE,FALSE,TRUE,icon_achievement_golduse,Progress,TRUE,
b_0,69,업적 - 젬 사용 1단계,Achievement,None,6,TRUE,FALSE,FALSE,FALSE,70,101,,,69,690,FALSE,FALSE,FALSE,icon_achievement_gem,Progress,TRUE,
b_0,70,업적 - 젬 사용 2단계,Achievement,None,6,FALSE,FALSE,FALSE,FALSE,71,101,,,70,700,FALSE,FALSE,FALSE,icon_achievement_gem,Progress,TRUE,
b_0,71,업적 - 젬 사용 3단계,Achievement,None,6,FALSE,FALSE,FALSE,FALSE,72,101,,,71,710,FALSE,FALSE,FALSE,icon_achievement_gem,Progress,TRUE,
b_0,72,업적 - 젬 사용 4단계,Achievement,None,6,FALSE,FALSE,FALSE,FALSE,0,101,,,72,720,FALSE,FALSE,TRUE,icon_achievement_gem,Progress,TRUE,
b_0,73,업적 - 강화 성공 1단계,Achievement,None,10,TRUE,FALSE,FALSE,FALSE,74,101,,,73,730,FALSE,FALSE,FALSE,icon_achievement_enchant1,Progress,TRUE,
b_0,74,업적 - 강화 성공 2단계,Achievement,None,10,FALSE,FALSE,FALSE,FALSE,75,101,,,74,740,FALSE,FALSE,FALSE,icon_achievement_enchant1,Progress,TRUE,
b_0,75,업적 - 강화 성공 3단계,Achievement,None,10,FALSE,FALSE,FALSE,FALSE,76,101,,,75,750,FALSE,FALSE,FALSE,icon_achievement_enchant1,Progress,TRUE,
b_0,76,업적 - 강화 성공 4단계,Achievement,None,10,FALSE,FALSE,FALSE,FALSE,0,101,,,76,760,FALSE,FALSE,TRUE,icon_achievement_enchant1,Progress,TRUE,
b_0,77,업적 - 강화 실패 1단계,Achievement,None,11,TRUE,FALSE,FALSE,FALSE,78,101,,,77,770,FALSE,FALSE,FALSE,icon_achievement_enchant2,Progress,TRUE,
b_0,78,업적 - 강화 실패 2단계,Achievement,None,11,FALSE,FALSE,FALSE,FALSE,79,101,,,78,780,FALSE,FALSE,FALSE,icon_achievement_enchant2,Progress,TRUE,
b_0,79,업적 - 강화 실패 3단계,Achievement,None,11,FALSE,FALSE,FALSE,FALSE,80,101,,,79,790,FALSE,FALSE,FALSE,icon_achievement_enchant2,Progress,TRUE,
b_0,80,업적 - 강화 실패 4단계,Achievement,None,11,FALSE,FALSE,FALSE,FALSE,0,101,,,80,800,FALSE,FALSE,TRUE,icon_achievement_enchant2,Progress,TRUE,
b_0,81,업적 - 강화 파괴 1단계,Achievement,None,12,TRUE,FALSE,FALSE,FALSE,82,101,,,81,810,FALSE,FALSE,FALSE,icon_achievement_enchant3,Progress,TRUE,
b_0,82,업적 - 강화 파괴 2단계,Achievement,None,12,FALSE,FALSE,FALSE,FALSE,83,101,,,82,820,FALSE,FALSE,FALSE,icon_achievement_enchant3,Progress,TRUE,
b_0,83,업적 - 강화 파괴 3단계,Achievement,None,12,FALSE,FALSE,FALSE,FALSE,84,101,,,83,830,FALSE,FALSE,FALSE,icon_achievement_enchant3,Progress,TRUE,
b_0,84,업적 - 강화 파괴 4단계,Achievement,None,12,FALSE,FALSE,FALSE,FALSE,0,101,,,84,840,FALSE,FALSE,TRUE,icon_achievement_enchant3,Progress,TRUE,
b_0,85,업적 - 솔로 레이드 1단계,Achievement,None,7,TRUE,FALSE,FALSE,FALSE,86,101,,,85,850,FALSE,FALSE,FALSE,icon_achievement_raidsolo,Progress,TRUE,
b_0,86,업적 - 솔로 레이드 2단계,Achievement,None,7,FALSE,FALSE,FALSE,FALSE,87,101,,,86,860,FALSE,FALSE,FALSE,icon_achievement_raidsolo,Progress,TRUE,
b_0,87,업적 - 솔로 레이드 3단계,Achievement,None,7,FALSE,FALSE,FALSE,FALSE,88,101,,,87,870,FALSE,FALSE,FALSE,icon_achievement_raidsolo,Progress,TRUE,
b_0,88,업적 - 솔로 레이드 4단계,Achievement,None,7,FALSE,FALSE,FALSE,FALSE,0,101,,,88,880,FALSE,FALSE,TRUE,icon_achievement_raidsolo,Progress,TRUE,
b_0,89,업적 - 멀티 레이드 1단계,Achievement,None,8,TRUE,FALSE,FALSE,FALSE,90,101,,,89,890,FALSE,FALSE,FALSE,icon_achievement_raidmulti,Progress,TRUE,
b_0,90,업적 - 멀티 레이드 2단계,Achievement,None,8,FALSE,FALSE,FALSE,FALSE,91,101,,,90,900,FALSE,FALSE,FALSE,icon_achievement_raidmulti,Progress,TRUE,
b_0,91,업적 - 멀티 레이드 3단계,Achievement,None,8,FALSE,FALSE,FALSE,FALSE,92,101,,,91,910,FALSE,FALSE,FALSE,icon_achievement_raidmulti,Progress,TRUE,
b_0,92,업적 - 멀티 레이드 4단계,Achievement,None,8,FALSE,FALSE,FALSE,FALSE,0,101,,,92,920,FALSE,FALSE,TRUE,icon_achievement_raidmulti,Progress,TRUE,
b_0,93,업적 - 초원의 강적 사냥,Achievement,None,15,TRUE,FALSE,FALSE,FALSE,94,101,,,93,930,FALSE,FALSE,FALSE,icon_achievement_monsterboss,Progress,TRUE,
b_0,94,업적 - 숲의 강적 사냥,Achievement,None,15,FALSE,FALSE,FALSE,FALSE,97,101,,,94,940,FALSE,FALSE,FALSE,icon_achievement_monsterboss,Progress,TRUE,
b_0,97,업적 - 설산의 강적,Achievement,None,15,FALSE,FALSE,FALSE,FALSE,0,101,,,97,970,FALSE,FALSE,TRUE,icon_achievement_monsterboss,Progress,TRUE,
b_0,98,업적 - 연금술 시도 1단계,Achievement,None,13,TRUE,FALSE,FALSE,FALSE,99,101,,,98,980,FALSE,FALSE,FALSE,icon_achievement_alchemy,Progress,TRUE,
b_0,99,업적 - 연금술 시도 2단계,Achievement,None,13,FALSE,FALSE,FALSE,FALSE,100,101,,,99,990,FALSE,FALSE,FALSE,icon_achievement_alchemy,Progress,TRUE,
b_0,100,업적 - 연금술 시도 3단계,Achievement,None,13,FALSE,FALSE,FALSE,FALSE,101,101,,,100,1000,FALSE,FALSE,FALSE,icon_achievement_alchemy,Progress,TRUE,
b_0,101,업적 - 연금술 시도 4단계,Achievement,None,13,FALSE,FALSE,FALSE,FALSE,0,101,,,101,1010,FALSE,FALSE,TRUE,icon_achievement_alchemy,Progress,TRUE,
b_0,102,업적 - 아이템 제작 1단계,Achievement,None,14,TRUE,FALSE,FALSE,FALSE,103,101,,,102,1020,FALSE,FALSE,FALSE,icon_achievement_craft,Progress,TRUE,
b_0,103,업적 - 아이템 제작 2단계,Achievement,None,14,FALSE,FALSE,FALSE,FALSE,104,101,,,103,1030,FALSE,FALSE,FALSE,icon_achievement_craft,Progress,TRUE,
b_0,104,업적 - 아이템 제작 3단계,Achievement,None,14,FALSE,FALSE,FALSE,FALSE,105,101,,,104,1040,FALSE,FALSE,FALSE,icon_achievement_craft,Progress,TRUE,
b_0,105,업적 - 아이템 제작 4단계,Achievement,None,14,FALSE,FALSE,FALSE,FALSE,106,101,,,105,1050,FALSE,FALSE,FALSE,icon_achievement_craft,Progress,TRUE,
b_0,106,업적 - 아이템 제작 5단계,Achievement,None,14,FALSE,FALSE,FALSE,FALSE,0,101,,,106,1060,FALSE,FALSE,TRUE,icon_achievement_craft,Progress,TRUE,
b_0,107,업적 - 던전 보스 사냥,Achievement,None,16,TRUE,FALSE,FALSE,FALSE,0,101,,,107,1070,FALSE,FALSE,FALSE,icon_achievement_dungeon,Progress,TRUE,
b_0,300,서브1 - 아이템 발견 (초원),Main,SubScenario,1,FALSE,FALSE,FALSE,FALSE,301,101,QuestTitle_300,QuestDesc_1,13001,3000,TRUE,TRUE,FALSE,,Progress,TRUE,3
b_0,301,서브2 - 마을 이동하기 (초원),Main,SubScenario,1,FALSE,FALSE,FALSE,FALSE,302,101,QuestTitle_301,QuestDesc_1,13011,3010,TRUE,TRUE,FALSE,,Progress,TRUE,3
b_0,302,서브3 - UI 재능,Main,SubScenario,1,FALSE,TRUE,FALSE,FALSE,303,101,QuestTitle_302,QuestDesc_1,13011,"3020, 3021",TRUE,TRUE,FALSE,,Progress,TRUE,3
b_0,303,서브4 - UI 성장 페이지,Main,SubScenario,1,FALSE,FALSE,FALSE,FALSE,304,101,QuestTitle_303,QuestDesc_1,13011,3030,TRUE,TRUE,FALSE,,Progress,TRUE,3
b_0,304,서브5 - UI 영웅 컬렉션,Main,SubScenario,1,FALSE,FALSE,FALSE,FALSE,305,101,QuestTitle_304,QuestDesc_1,13011,3040,TRUE,TRUE,FALSE,,Progress,TRUE,3
b_0,305,서브6 - UI 강화,Main,SubScenario,1,FALSE,TRUE,FALSE,FALSE,700,101,QuestTitle_305,QuestDesc_1,13011,"3050, 3051",TRUE,TRUE,FALSE,,Progress,TRUE,3
b_0,400,서브1 - 아이템 발견 (지하),Main,SubScenario,1,FALSE,FALSE,FALSE,FALSE,401,101,QuestTitle_400,QuestDesc_1,13001,4000,TRUE,TRUE,FALSE,,Progress,TRUE,3
b_0,401,서브1 - 마을 이동하기 (지하),Main,SubScenario,1,FALSE,FALSE,FALSE,FALSE,402,101,QuestTitle_401,QuestDesc_1,13011,4010,TRUE,TRUE,FALSE,,Progress,TRUE,3
b_0,402,서브3 - UI 재능,Main,SubScenario,1,FALSE,TRUE,FALSE,FALSE,403,101,QuestTitle_402,QuestDesc_1,13011,"4020, 4021",TRUE,TRUE,FALSE,,Progress,TRUE,3
b_0,403,서브4 - UI 성장 페이지,Main,SubScenario,1,FALSE,FALSE,FALSE,FALSE,404,101,QuestTitle_403,QuestDesc_1,13011,4030,TRUE,TRUE,FALSE,,Progress,TRUE,3
b_0,404,서브5 - UI 영웅 컬렉션,Main,SubScenario,1,FALSE,FALSE,FALSE,FALSE,405,101,QuestTitle_404,QuestDesc_1,13011,4040,TRUE,TRUE,FALSE,,Progress,TRUE,3
b_0,405,서브6 - UI 강화,Main,SubScenario,1,FALSE,TRUE,FALSE,FALSE,700,101,QuestTitle_405,QuestDesc_1,13011,"4050, 4051",TRUE,TRUE,FALSE,,Progress,TRUE,3
b_0,500,서브1 - 아이템 발견 (설산),Main,SubScenario,1,FALSE,FALSE,FALSE,FALSE,501,101,QuestTitle_500,QuestDesc_1,13001,5000,TRUE,TRUE,FALSE,,Progress,TRUE,3
b_0,501,서브1 - 마을 이동하기 (설산),Main,SubScenario,1,FALSE,FALSE,FALSE,FALSE,502,101,QuestTitle_501,QuestDesc_1,13011,5010,TRUE,TRUE,FALSE,,Progress,TRUE,3
b_0,502,서브3 - UI 재능,Main,SubScenario,1,FALSE,TRUE,FALSE,FALSE,503,101,QuestTitle_502,QuestDesc_1,13011,"5020, 5021",TRUE,TRUE,FALSE,,Progress,TRUE,3
b_0,503,서브4 - UI 성장 페이지,Main,SubScenario,1,FALSE,FALSE,FALSE,FALSE,504,101,QuestTitle_503,QuestDesc_1,13011,5030,TRUE,TRUE,FALSE,,Progress,TRUE,3
b_0,504,서브5 - UI 영웅 컬렉션,Main,SubScenario,1,FALSE,FALSE,FALSE,FALSE,505,101,QuestTitle_504,QuestDesc_1,13011,5040,TRUE,TRUE,FALSE,,Progress,TRUE,3
b_0,505,서브6 - UI 강화,Main,SubScenario,1,FALSE,TRUE,FALSE,FALSE,700,101,QuestTitle_505,QuestDesc_1,13011,"5050, 5051",TRUE,TRUE,FALSE,,Progress,TRUE,3
b_0,600,서브1 - 아이템 발견 (화산),Main,SubScenario,1,FALSE,FALSE,FALSE,FALSE,601,101,QuestTitle_600,QuestDesc_1,13001,6000,TRUE,TRUE,FALSE,,Progress,TRUE,3
b_0,601,서브1 - 마을 이동하기 (화산),Main,SubScenario,1,FALSE,FALSE,FALSE,FALSE,602,101,QuestTitle_601,QuestDesc_1,13011,6010,TRUE,TRUE,FALSE,,Progress,TRUE,3
b_0,602,서브3 - UI 재능,Main,SubScenario,1,FALSE,TRUE,FALSE,FALSE,603,101,QuestTitle_602,QuestDesc_1,13011,"6020, 6021",TRUE,TRUE,FALSE,,Progress,TRUE,3
b_0,603,서브4 - UI 성장 페이지,Main,SubScenario,1,FALSE,FALSE,FALSE,FALSE,604,101,QuestTitle_603,QuestDesc_1,13011,6030,TRUE,TRUE,FALSE,,Progress,TRUE,3
b_0,604,서브5 - UI 영웅 컬렉션,Main,SubScenario,1,FALSE,FALSE,FALSE,FALSE,605,101,QuestTitle_604,QuestDesc_1,13011,6040,TRUE,TRUE,FALSE,,Progress,TRUE,3
b_0,605,서브6 - UI 강화,Main,SubScenario,1,FALSE,TRUE,FALSE,FALSE,700,101,QuestTitle_605,QuestDesc_1,13011,"6050, 6051",TRUE,TRUE,FALSE,,Progress,TRUE,3
b_0,700,계정1,Account,None,1,FALSE,FALSE,FALSE,FALSE,701,101,QuestTitle_700,QuestDesc_1,13011,7000,TRUE,TRUE,FALSE,,Progress,TRUE,3
b_0,701,계정2,Account,None,1,FALSE,FALSE,FALSE,FALSE,702,101,QuestTitle_701,QuestDesc_1,13001,7010,TRUE,TRUE,FALSE,,Progress,TRUE,6
b_0,702,계정3,Account,None,1,FALSE,FALSE,FALSE,FALSE,703,101,QuestTitle_702,QuestDesc_1,13011,7020,TRUE,TRUE,FALSE,,Progress,TRUE,6
b_0,703,계정4,Account,None,1,FALSE,TRUE,FALSE,FALSE,704,101,QuestTitle_703,QuestDesc_1,13011,"7030, 7031",TRUE,TRUE,FALSE,,Progress,TRUE,6
b_0,704,계정5,Account,None,1,FALSE,FALSE,FALSE,FALSE,705,101,QuestTitle_704,QuestDesc_1,13011,7040,TRUE,TRUE,FALSE,,Progress,TRUE,6
b_0,705,계정6,Account,None,1,FALSE,TRUE,FALSE,FALSE,706,101,QuestTitle_705,QuestDesc_1,13011,"7050, 7051, 7052",TRUE,TRUE,FALSE,,Progress,TRUE,6
b_0,706,계정7,Account,None,1,FALSE,FALSE,FALSE,FALSE,707,101,QuestTitle_706,QuestDesc_1,13011,7060,TRUE,TRUE,FALSE,,Progress,TRUE,8
b_0,707,계정8,Account,None,1,FALSE,FALSE,FALSE,FALSE,708,101,QuestTitle_707,QuestDesc_1,13011,7070,TRUE,TRUE,FALSE,,Progress,TRUE,9
b_0,708,계정9,Account,None,1,FALSE,TRUE,FALSE,FALSE,709,101,QuestTitle_708,QuestDesc_1,13011,"7080, 7081, 7082",TRUE,TRUE,FALSE,,Progress,TRUE,9
b_0,709,계정10,Account,None,1,FALSE,TRUE,FALSE,FALSE,710,101,QuestTitle_709,QuestDesc_1,13011,"7090, 7091",TRUE,TRUE,FALSE,,Progress,TRUE,10
b_0,710,계정11,Account,None,1,FALSE,FALSE,FALSE,FALSE,711,101,QuestTitle_710,QuestDesc_1,13011,7100,TRUE,TRUE,FALSE,,Progress,TRUE,11
b_0,711,계정12,Account,None,1,FALSE,FALSE,FALSE,FALSE,712,101,QuestTitle_711,QuestDesc_1,13002,7110,TRUE,TRUE,FALSE,,Progress,TRUE,13
b_0,712,계정13,Account,None,1,FALSE,FALSE,FALSE,FALSE,713,101,QuestTitle_712,QuestDesc_1,13011,7120,TRUE,TRUE,FALSE,,Progress,TRUE,18
b_0,713,계정14,Account,None,1,FALSE,FALSE,FALSE,FALSE,714,101,QuestTitle_713,QuestDesc_1,13003,7130,TRUE,TRUE,FALSE,,Progress,TRUE,18
b_0,714,계정15,Account,None,1,FALSE,FALSE,FALSE,FALSE,715,101,QuestTitle_714,QuestDesc_1,13011,7140,TRUE,TRUE,FALSE,,Progress,TRUE,18
b_0,715,계정16,Account,None,1,FALSE,TRUE,FALSE,FALSE,716,101,QuestTitle_715,QuestDesc_1,13011,"7150, 7151, 7152",TRUE,TRUE,FALSE,,Progress,TRUE,18
b_0,716,계정17,Account,None,1,FALSE,FALSE,FALSE,FALSE,717,101,QuestTitle_716,QuestDesc_1,13004,7160,TRUE,TRUE,FALSE,,Progress,TRUE,23
b_0,717,계정18,Account,None,1,FALSE,FALSE,FALSE,FALSE,718,101,QuestTitle_717,QuestDesc_1,13005,7170,TRUE,TRUE,FALSE,,Progress,TRUE,25
b_0,718,계정19,Account,None,1,FALSE,TRUE,FALSE,FALSE,719,101,QuestTitle_718,QuestDesc_1,13011,"7180, 7181, 7182",TRUE,TRUE,FALSE,,Progress,TRUE,28
b_0,719,계정20,Account,None,1,FALSE,FALSE,FALSE,FALSE,720,101,QuestTitle_719,QuestDesc_1,13011,7190,TRUE,TRUE,FALSE,,Progress,TRUE,30
b_0,720,계정21,Account,None,1,FALSE,FALSE,FALSE,FALSE,721,101,QuestTitle_720,QuestDesc_1,13011,7200,TRUE,TRUE,FALSE,,Progress,TRUE,33
b_0,721,계정22,Account,None,1,FALSE,FALSE,FALSE,FALSE,722,101,QuestTitle_721,QuestDesc_1,13006,7210,TRUE,TRUE,FALSE,,Progress,TRUE,37
b_0,722,계정23,Account,None,1,FALSE,FALSE,FALSE,FALSE,723,101,QuestTitle_722,QuestDesc_1,13007,7220,TRUE,TRUE,FALSE,,Progress,TRUE,37
b_0,723,계정24,Account,None,1,FALSE,TRUE,FALSE,FALSE,724,101,QuestTitle_723,QuestDesc_1,13011,"7230, 7231",TRUE,TRUE,FALSE,,Progress,TRUE,38
b_0,724,계정25,Account,None,1,FALSE,FALSE,FALSE,FALSE,725,101,QuestTitle_724,QuestDesc_1,13011,7240,TRUE,TRUE,FALSE,,Progress,TRUE,39
b_0,725,계정26,Account,None,1,FALSE,FALSE,FALSE,FALSE,726,101,QuestTitle_725,QuestDesc_1,13011,7250,TRUE,TRUE,FALSE,,Progress,TRUE,39
b_0,726,계정27,Account,None,1,FALSE,TRUE,FALSE,FALSE,727,101,QuestTitle_726,QuestDesc_1,13011,"7260, 7261, 7262",TRUE,TRUE,FALSE,,Progress,TRUE,39
b_0,727,계정28,Account,None,1,FALSE,TRUE,FALSE,FALSE,728,101,QuestTitle_727,QuestDesc_1,13011,"7270, 7271",TRUE,TRUE,FALSE,,Progress,TRUE,40
b_0,728,계정29,Account,None,1,FALSE,FALSE,FALSE,FALSE,729,101,QuestTitle_728,QuestDesc_1,13011,7280,TRUE,TRUE,FALSE,,Progress,TRUE,43
b_0,729,계정30,Account,None,1,FALSE,FALSE,FALSE,FALSE,730,101,QuestTitle_729,QuestDesc_1,13008,7290,TRUE,TRUE,FALSE,,Progress,TRUE,45
b_0,730,계정31,Account,None,1,FALSE,FALSE,FALSE,FALSE,731,101,QuestTitle_730,QuestDesc_1,13011,7300,TRUE,TRUE,FALSE,,Progress,TRUE,46
b_0,731,계정32,Account,None,1,FALSE,TRUE,FALSE,FALSE,732,101,QuestTitle_731,QuestDesc_1,13009,"7310, 7311, 7312",TRUE,TRUE,FALSE,,Progress,TRUE,47
b_0,732,계정33,Account,None,1,FALSE,FALSE,FALSE,FALSE,733,101,QuestTitle_732,QuestDesc_1,13011,7320,TRUE,TRUE,FALSE,,Progress,TRUE,48
b_0,733,계정34,Account,None,1,FALSE,FALSE,FALSE,FALSE,0,101,QuestTitle_733,QuestDesc_1,13010,7330,TRUE,TRUE,FALSE,,Progress,TRUE,48
b_0,1000,아니스1,Main,HeroScenario,0,FALSE,FALSE,FALSE,FALSE,1001,101,QuestTitle_1000,QuestDesc_1,1001,10000,TRUE,TRUE,FALSE,,Progress,TRUE,
b_0,1001,아니스2 - 인던,Main,HeroScenario,0,FALSE,TRUE,FALSE,FALSE,"1002, 400",101,QuestTitle_1001,QuestDesc_1,1002,"10010, 10011, 10012, 10013, 10014, 10015, 10016",TRUE,TRUE,FALSE,,Progress,FALSE,
b_0,1002,아니스3,Main,HeroScenario,0,FALSE,FALSE,FALSE,FALSE,1003,101,QuestTitle_1002,QuestDesc_1,1003,10020,TRUE,TRUE,FALSE,,Progress,TRUE,
b_0,1003,아니스4,Main,HeroScenario,0,FALSE,TRUE,FALSE,FALSE,1004,101,QuestTitle_1003,QuestDesc_1,1004,"10030, 10031, 10032",TRUE,TRUE,FALSE,,Progress,TRUE,
b_0,1004,아니스5,Main,HeroScenario,0,FALSE,TRUE,FALSE,FALSE,1005,101,QuestTitle_1004,QuestDesc_1,1005,"10040, 10041, 10042, 10043",TRUE,TRUE,FALSE,,Progress,TRUE,
b_0,1005,아니스6,Main,HeroScenario,0,FALSE,TRUE,FALSE,FALSE,1006,101,QuestTitle_1005,QuestDesc_1,1006,"10050, 10051, 10052, 10053",TRUE,TRUE,FALSE,,Progress,TRUE,
b_0,1006,아니스7,Main,HeroScenario,0,FALSE,TRUE,FALSE,FALSE,1007,101,QuestTitle_1006,QuestDesc_1,1007,"10060, 10061, 10062",TRUE,TRUE,FALSE,,Progress,TRUE,
b_0,1007,아니스8,Main,HeroScenario,0,FALSE,TRUE,FALSE,FALSE,1008,101,QuestTitle_1007,QuestDesc_1,1008,"10070, 10071",TRUE,TRUE,FALSE,,Progress,TRUE,
b_0,1008,아니스9,Main,HeroScenario,0,FALSE,TRUE,FALSE,FALSE,1009,101,QuestTitle_1008,QuestDesc_1,1009,"10080, 10081",TRUE,TRUE,FALSE,,Progress,TRUE,
b_0,1009,아니스10,Main,HeroScenario,0,FALSE,TRUE,FALSE,FALSE,1010,101,QuestTitle_1009,QuestDesc_1,1010,"10090, 10091",TRUE,TRUE,FALSE,,Progress,TRUE,
b_0,1010,아니스11,Main,HeroScenario,0,FALSE,TRUE,FALSE,FALSE,1012,101,QuestTitle_1010,QuestDesc_1,1011,"10100, 10101",TRUE,TRUE,FALSE,,Progress,TRUE,
b_0,1012,아니스12,Main,HeroScenario,0,FALSE,FALSE,FALSE,FALSE,1013,101,QuestTitle_1012,QuestDesc_1,1012,10120,TRUE,TRUE,FALSE,,Progress,TRUE,
b_0,1013,아니스13 - 인던,Main,HeroScenario,0,FALSE,TRUE,FALSE,FALSE,1014,101,QuestTitle_1013,QuestDesc_1,1013,"10130, 10131, 10132, 10133, 10134",TRUE,TRUE,FALSE,,Progress,FALSE,
b_0,1014,아니스14,Main,HeroScenario,0,FALSE,TRUE,FALSE,FALSE,1015,101,QuestTitle_1014,QuestDesc_1,1014,"10140, 10141, 10142",TRUE,TRUE,FALSE,,Progress,TRUE,
b_0,1015,아니스15,Main,HeroScenario,0,FALSE,TRUE,FALSE,FALSE,1016,101,QuestTitle_1015,QuestDesc_1,1015,"10150, 10151, 10152",TRUE,TRUE,FALSE,,Progress,TRUE,
b_0,1016,아니스16,Main,HeroScenario,0,FALSE,FALSE,FALSE,FALSE,1017,101,QuestTitle_1016,QuestDesc_1,1016,10160,TRUE,TRUE,FALSE,,Progress,TRUE,
b_0,1017,아니스17,Main,HeroScenario,0,FALSE,FALSE,FALSE,FALSE,1018,101,QuestTitle_1017,QuestDesc_1,1017,10170,TRUE,TRUE,FALSE,,Progress,TRUE,
b_0,1018,아니스18,Main,HeroScenario,0,FALSE,TRUE,FALSE,FALSE,1019,101,QuestTitle_1018,QuestDesc_1,1018,"10180, 10181",TRUE,TRUE,FALSE,,Progress,TRUE,
b_0,1019,아니스19,Main,HeroScenario,0,FALSE,TRUE,FALSE,FALSE,1020,101,QuestTitle_1019,QuestDesc_1,1019,"10190, 10191",TRUE,TRUE,FALSE,,Progress,TRUE,
b_0,1020,아니스20,Main,HeroScenario,0,FALSE,TRUE,FALSE,FALSE,1021,101,QuestTitle_1020,QuestDesc_1,1020,"10200, 10201, 10202",TRUE,TRUE,FALSE,,Progress,TRUE,
b_0,1021,아니스21,Main,HeroScenario,0,FALSE,TRUE,FALSE,FALSE,1022,101,QuestTitle_1021,QuestDesc_1,1021,"10210, 10211, 10212",TRUE,TRUE,FALSE,,Progress,TRUE,
b_0,1022,아니스22,Main,HeroScenario,0,FALSE,TRUE,FALSE,FALSE,1023,101,QuestTitle_1022,QuestDesc_1,1022,"10220, 10221, 10222",TRUE,TRUE,FALSE,,Progress,TRUE,
b_0,1023,아니스23,Main,HeroScenario,0,FALSE,TRUE,FALSE,FALSE,1024,101,QuestTitle_1023,QuestDesc_1,1023,"10230, 10231, 10232",TRUE,TRUE,FALSE,,Progress,TRUE,
b_0,1024,아니스24,Main,HeroScenario,0,FALSE,TRUE,FALSE,FALSE,1025,101,QuestTitle_1024,QuestDesc_1,1024,"10240, 10241, 10242",TRUE,TRUE,FALSE,,Progress,TRUE,
b_0,1025,아니스25,Main,HeroScenario,0,FALSE,TRUE,FALSE,FALSE,1027,101,QuestTitle_1025,QuestDesc_1,1025,"10250, 10251, 10252",TRUE,TRUE,FALSE,,Progress,TRUE,
b_0,1027,아니스26,Main,HeroScenario,0,FALSE,FALSE,FALSE,FALSE,1028,101,QuestTitle_1027,QuestDesc_1,1026,10270,TRUE,TRUE,FALSE,,Progress,TRUE,
b_0,1028,아니스27 - 인던,Main,HeroScenario,0,FALSE,TRUE,FALSE,FALSE,1029,101,QuestTitle_1028,QuestDesc_1,1027,"10280, 10281, 10282, 10283, 10284",TRUE,TRUE,FALSE,,Progress,FALSE,
b_0,1029,아니스28 - 인던,Main,HeroScenario,0,FALSE,TRUE,FALSE,FALSE,1030,101,QuestTitle_1029,QuestDesc_1,1028,"10290, 10291, 10292, 10293, 10294",TRUE,TRUE,FALSE,,Progress,FALSE,
b_0,1030,아니스29,Main,HeroScenario,0,FALSE,FALSE,FALSE,FALSE,1031,101,QuestTitle_1030,QuestDesc_1,1029,10300,TRUE,TRUE,FALSE,,Progress,TRUE,
b_0,1031,아니스30,Main,HeroScenario,0,FALSE,FALSE,FALSE,FALSE,1032,101,QuestTitle_1031,QuestDesc_1,1030,10310,TRUE,TRUE,FALSE,,Progress,TRUE,
b_0,1032,아니스31,Main,HeroScenario,0,FALSE,TRUE,FALSE,FALSE,1033,101,QuestTitle_1032,QuestDesc_1,1031,"10320, 10321",TRUE,TRUE,FALSE,,Progress,TRUE,
b_0,1033,아니스33,Main,HeroScenario,0,FALSE,FALSE,FALSE,FALSE,1035,101,QuestTitle_1033,QuestDesc_1,1032,10330,TRUE,TRUE,FALSE,,Progress,TRUE,
b_0,1035,아니스34,Main,HeroScenario,0,FALSE,TRUE,FALSE,FALSE,1036,101,QuestTitle_1035,QuestDesc_1,1033,"10350, 10351, 10352",TRUE,TRUE,FALSE,,Progress,TRUE,
b_0,1036,아니스35,Main,HeroScenario,0,FALSE,TRUE,FALSE,FALSE,1037,101,QuestTitle_1036,QuestDesc_1,1034,"10360, 10361, 10362",TRUE,TRUE,FALSE,,Progress,TRUE,
b_0,1037,아니스36,Main,HeroScenario,0,FALSE,TRUE,FALSE,FALSE,1038,101,QuestTitle_1037,QuestDesc_1,1035,"10370, 10371, 10372",TRUE,TRUE,FALSE,,Progress,TRUE,
b_0,1038,아니스37,Main,HeroScenario,0,FALSE,TRUE,FALSE,FALSE,1039,101,QuestTitle_1038,QuestDesc_1,1036,"10380, 10381, 10382",TRUE,TRUE,FALSE,,Progress,TRUE,
b_0,1039,아니스38,Main,HeroScenario,0,FALSE,TRUE,FALSE,FALSE,1040,101,QuestTitle_1039,QuestDesc_1,1037,"10390, 10391, 10392",TRUE,TRUE,FALSE,,Progress,TRUE,
b_0,1040,아니스39,Main,HeroScenario,0,FALSE,TRUE,FALSE,FALSE,1041,101,QuestTitle_1040,QuestDesc_1,1038,"10400, 10401, 10402",TRUE,TRUE,FALSE,,Progress,TRUE,
b_0,1041,아니스40,Main,HeroScenario,0,FALSE,FALSE,FALSE,FALSE,1042,101,QuestTitle_1041,QuestDesc_1,1039,10410,TRUE,TRUE,FALSE,,Progress,TRUE,
b_0,1042,아니스41,Main,HeroScenario,0,FALSE,FALSE,FALSE,FALSE,1043,101,QuestTitle_1042,QuestDesc_1,1040,10420,TRUE,TRUE,FALSE,,Progress,TRUE,
b_0,1043,아니스42,Main,HeroScenario,0,FALSE,TRUE,FALSE,FALSE,1044,101,QuestTitle_1043,QuestDesc_1,1041,"10430, 10431",TRUE,TRUE,FALSE,,Progress,TRUE,
b_0,1044,아니스43 - 인던,Main,HeroScenario,0,FALSE,TRUE,FALSE,FALSE,1045,101,QuestTitle_1044,QuestDesc_1,1042,"10440, 10441, 10442, 10443, 10444",TRUE,TRUE,FALSE,,Progress,FALSE,
b_0,1045,아니스44,Main,HeroScenario,0,FALSE,TRUE,FALSE,FALSE,1046,101,QuestTitle_1045,QuestDesc_1,1043,"10450, 10451, 10452",TRUE,TRUE,FALSE,,Progress,TRUE,
b_0,1046,아니스45 ,Main,HeroScenario,0,FALSE,TRUE,FALSE,FALSE,1047,101,QuestTitle_1046,QuestDesc_1,1044,"10460, 10461, 10462",TRUE,TRUE,FALSE,,Progress,TRUE,
b_0,1047,아니스46,Main,HeroScenario,0,FALSE,TRUE,FALSE,FALSE,1048,101,QuestTitle_1047,QuestDesc_1,1045,"10470, 10471, 10472",TRUE,TRUE,FALSE,,Progress,TRUE,
b_0,1048,아니스47,Main,HeroScenario,0,FALSE,TRUE,FALSE,FALSE,1049,101,QuestTitle_1048,QuestDesc_1,1046,"10480, 10481, 10482",TRUE,TRUE,FALSE,,Progress,TRUE,
b_0,1049,아니스48,Main,HeroScenario,0,FALSE,TRUE,FALSE,FALSE,1050,101,QuestTitle_1049,QuestDesc_1,1047,"10490, 10491, 10492",TRUE,TRUE,FALSE,,Progress,TRUE,
b_0,1050,아니스49,Main,HeroScenario,0,FALSE,TRUE,FALSE,FALSE,1051,101,QuestTitle_1050,QuestDesc_1,1048,"10500, 10501, 10502",TRUE,TRUE,FALSE,,Progress,TRUE,
b_0,1051,아니스50,Main,HeroScenario,0,FALSE,FALSE,FALSE,FALSE,0,101,QuestTitle_1051,QuestDesc_1,1049,10510,TRUE,TRUE,FALSE,,Progress,TRUE,
b_0,2000,로사1,Main,HeroScenario,0,FALSE,FALSE,FALSE,FALSE,2001,101,QuestTitle_2000,QuestDesc_1,1001,20000,TRUE,TRUE,FALSE,,Progress,TRUE,
b_0,2001,로사2 - 인던,Main,HeroScenario,0,FALSE,TRUE,FALSE,FALSE,"2002, 300",101,QuestTitle_2001,QuestDesc_1,1002,"20010, 20011, 20012, 20013, 20014, 20015",TRUE,TRUE,FALSE,,Progress,FALSE,
b_0,2002,로사3,Main,HeroScenario,0,FALSE,TRUE,FALSE,FALSE,2003,101,QuestTitle_2002,QuestDesc_1,1003,"20020, 20021, 20022, 20023",TRUE,TRUE,FALSE,,Progress,TRUE,
b_0,2003,로사4,Main,HeroScenario,0,FALSE,TRUE,FALSE,FALSE,2004,101,QuestTitle_2003,QuestDesc_1,1004,"20030, 20031, 20032, 20033, 20034",TRUE,TRUE,FALSE,,Progress,TRUE,
b_0,2004,로사5,Main,HeroScenario,0,FALSE,TRUE,FALSE,FALSE,2005,101,QuestTitle_2004,QuestDesc_1,1005,"20040, 20041, 20042, 20043",TRUE,TRUE,FALSE,,Progress,TRUE,
b_0,2005,로사6,Main,HeroScenario,0,FALSE,FALSE,FALSE,FALSE,2006,101,QuestTitle_2005,QuestDesc_1,1006,20050,TRUE,TRUE,FALSE,,Progress,TRUE,
b_0,2006,로사7,Main,HeroScenario,0,FALSE,TRUE,FALSE,FALSE,2007,101,QuestTitle_2006,QuestDesc_1,1007,"20060, 20061, 20062, 20063",TRUE,TRUE,FALSE,,Progress,TRUE,
b_0,2007,로사8,Main,HeroScenario,0,FALSE,TRUE,FALSE,FALSE,2008,101,QuestTitle_2007,QuestDesc_1,1008,"20070, 20071, 20072",TRUE,TRUE,FALSE,,Progress,TRUE,
b_0,2008,로사9,Main,HeroScenario,0,FALSE,TRUE,FALSE,FALSE,2009,101,QuestTitle_2008,QuestDesc_1,1009,"20080, 20081, 20082",TRUE,TRUE,FALSE,,Progress,TRUE,
b_0,2009,로사10,Main,HeroScenario,0,FALSE,TRUE,FALSE,FALSE,2010,101,QuestTitle_2009,QuestDesc_1,1010,"20090, 20091, 20092",TRUE,TRUE,FALSE,,Progress,TRUE,
b_0,2010,로사11,Main,HeroScenario,0,FALSE,TRUE,FALSE,FALSE,2012,101,QuestTitle_2010,QuestDesc_1,1011,"20100, 20101, 20102",TRUE,TRUE,FALSE,,Progress,TRUE,
b_0,2012,로사12 - 인던,Main,HeroScenario,0,FALSE,TRUE,FALSE,FALSE,2013,101,QuestTitle_2012,QuestDesc_1,1012,"20120, 20121, 20122, 20123, 20124, 20125",TRUE,TRUE,FALSE,,Progress,FALSE,
b_0,2013,로사13,Main,HeroScenario,0,FALSE,FALSE,FALSE,FALSE,2014,101,QuestTitle_2013,QuestDesc_1,1013,20130,TRUE,TRUE,FALSE,,Progress,TRUE,
b_0,2014,로사14,Main,HeroScenario,0,FALSE,TRUE,FALSE,FALSE,2015,101,QuestTitle_2014,QuestDesc_1,1014,"20140, 20141, 20142",TRUE,TRUE,FALSE,,Progress,TRUE,
b_0,2015,로사15,Main,HeroScenario,0,FALSE,TRUE,FALSE,FALSE,2016,101,QuestTitle_2015,QuestDesc_1,1015,"20150, 20151",TRUE,TRUE,FALSE,,Progress,TRUE,
b_0,2016,로사16,Main,HeroScenario,0,FALSE,FALSE,FALSE,FALSE,2017,101,QuestTitle_2016,QuestDesc_1,1016,20160,TRUE,TRUE,FALSE,,Progress,TRUE,
b_0,2017,로사17,Main,HeroScenario,0,FALSE,FALSE,FALSE,FALSE,2018,101,QuestTitle_2017,QuestDesc_1,1017,20170,TRUE,TRUE,FALSE,,Progress,TRUE,
b_0,2018,로사18,Main,HeroScenario,0,FALSE,FALSE,FALSE,FALSE,2019,101,QuestTitle_2018,QuestDesc_1,1018,20180,TRUE,TRUE,FALSE,,Progress,TRUE,
b_0,2019,로사19,Main,HeroScenario,0,FALSE,FALSE,FALSE,FALSE,2020,101,QuestTitle_2019,QuestDesc_1,1019,20190,TRUE,TRUE,FALSE,,Progress,TRUE,
b_0,2020,로사20,Main,HeroScenario,0,FALSE,TRUE,FALSE,FALSE,2021,101,QuestTitle_2020,QuestDesc_1,1020,"20200, 20201, 20202",TRUE,TRUE,FALSE,,Progress,TRUE,
b_0,2021,로사21,Main,HeroScenario,0,FALSE,TRUE,FALSE,FALSE,2022,101,QuestTitle_2021,QuestDesc_1,1021,"20210, 20211, 20212",TRUE,TRUE,FALSE,,Progress,TRUE,
b_0,2022,로사22,Main,HeroScenario,0,FALSE,TRUE,FALSE,FALSE,2023,101,QuestTitle_2022,QuestDesc_1,1022,"20220, 20221, 20222",TRUE,TRUE,FALSE,,Progress,TRUE,
b_0,2023,로사23,Main,HeroScenario,0,FALSE,TRUE,FALSE,FALSE,2024,101,QuestTitle_2023,QuestDesc_1,1023,"20230, 20231, 20232",TRUE,TRUE,FALSE,,Progress,TRUE,
b_0,2024,로사24,Main,HeroScenario,0,FALSE,TRUE,FALSE,FALSE,2025,101,QuestTitle_2024,QuestDesc_1,1024,"20240, 20241, 20242",TRUE,TRUE,FALSE,,Progress,TRUE,
b_0,2025,로사25,Main,HeroScenario,0,FALSE,TRUE,FALSE,FALSE,2027,101,QuestTitle_2025,QuestDesc_1,1025,"20250, 20251, 20252",TRUE,TRUE,FALSE,,Progress,TRUE,
b_0,2027,로사27,Main,HeroScenario,0,FALSE,FALSE,FALSE,FALSE,2028,101,QuestTitle_2027,QuestDesc_1,1026,20270,TRUE,TRUE,FALSE,,Progress,TRUE,
b_0,2028,로사28 - 인던,Main,HeroScenario,0,FALSE,TRUE,FALSE,FALSE,2029,101,QuestTitle_2028,QuestDesc_1,1027,"20280, 20281, 20282, 20283, 20284, 20285",TRUE,TRUE,FALSE,,Progress,FALSE,
b_0,2029,로사29,Main,HeroScenario,0,FALSE,FALSE,FALSE,FALSE,2030,101,QuestTitle_2029,QuestDesc_1,1028,20290,TRUE,TRUE,FALSE,,Progress,TRUE,
b_0,2030,로사30 - 인던,Main,HeroScenario,0,FALSE,TRUE,FALSE,FALSE,2031,101,QuestTitle_2030,QuestDesc_1,1029,"20300, 20301, 20302, 20303, 20304",TRUE,TRUE,FALSE,,Progress,FALSE,
b_0,2031,로사31,Main,HeroScenario,0,FALSE,FALSE,FALSE,FALSE,2032,101,QuestTitle_2031,QuestDesc_1,1030,20310,TRUE,TRUE,FALSE,,Progress,TRUE,
b_0,2032,로사32,Main,HeroScenario,0,FALSE,FALSE,FALSE,FALSE,2033,101,QuestTitle_2032,QuestDesc_1,1031,20320,TRUE,TRUE,FALSE,,Progress,TRUE,
b_0,2033,로사33,Main,HeroScenario,0,FALSE,FALSE,FALSE,FALSE,2034,101,QuestTitle_2033,QuestDesc_1,1032,20330,TRUE,TRUE,FALSE,,Progress,TRUE,
b_0,2034,로사34,Main,HeroScenario,0,FALSE,TRUE,FALSE,FALSE,2035,101,QuestTitle_2034,QuestDesc_1,1033,"20340, 20341, 20342",TRUE,TRUE,FALSE,,Progress,TRUE,
b_0,2035,로사35,Main,HeroScenario,0,FALSE,TRUE,FALSE,FALSE,2036,101,QuestTitle_2035,QuestDesc_1,1034,"20350, 20351, 20352",TRUE,TRUE,FALSE,,Progress,TRUE,
b_0,2036,로사36,Main,HeroScenario,0,FALSE,TRUE,FALSE,FALSE,2037,101,QuestTitle_2036,QuestDesc_1,1035,"20360, 20361, 20362",TRUE,TRUE,FALSE,,Progress,TRUE,
b_0,2037,로사37,Main,HeroScenario,0,FALSE,TRUE,FALSE,FALSE,2038,101,QuestTitle_2037,QuestDesc_1,1036,"20370, 20371, 20372",TRUE,TRUE,FALSE,,Progress,TRUE,
b_0,2038,로사38,Main,HeroScenario,0,FALSE,TRUE,FALSE,FALSE,2039,101,QuestTitle_2038,QuestDesc_1,1037,"20380, 20381, 20382",TRUE,TRUE,FALSE,,Progress,TRUE,
b_0,2039,로사39,Main,HeroScenario,0,FALSE,TRUE,FALSE,FALSE,2040,101,QuestTitle_2039,QuestDesc_1,1038,"20390, 20391, 20392",TRUE,TRUE,FALSE,,Progress,TRUE,
b_0,2040,로사40,Main,HeroScenario,0,FALSE,FALSE,FALSE,FALSE,2041,101,QuestTitle_2040,QuestDesc_1,1039,20400,TRUE,TRUE,FALSE,,Progress,TRUE,
b_0,2041,로사41,Main,HeroScenario,0,FALSE,FALSE,FALSE,FALSE,2042,101,QuestTitle_2041,QuestDesc_1,1040,20410,TRUE,TRUE,FALSE,,Progress,TRUE,
b_0,2042,로사42 - 인던,Main,HeroScenario,0,FALSE,TRUE,FALSE,FALSE,2043,101,QuestTitle_2042,QuestDesc_1,1041,"20420, 20421, 20422, 20423, 20424",TRUE,TRUE,FALSE,,Progress,FALSE,
b_0,2043,로사43,Main,HeroScenario,0,FALSE,TRUE,FALSE,FALSE,2044,101,QuestTitle_2043,QuestDesc_1,1042,"20430, 20431",TRUE,TRUE,FALSE,,Progress,TRUE,
b_0,2044,로사44,Main,HeroScenario,0,FALSE,TRUE,FALSE,FALSE,2045,101,QuestTitle_2044,QuestDesc_1,1043,"20440, 20441, 20442",TRUE,TRUE,FALSE,,Progress,TRUE,
b_0,2045,로사45,Main,HeroScenario,0,FALSE,TRUE,FALSE,FALSE,2046,101,QuestTitle_2045,QuestDesc_1,1044,"20450, 20451, 20452",TRUE,TRUE,FALSE,,Progress,TRUE,
b_0,2046,로사46,Main,HeroScenario,0,FALSE,TRUE,FALSE,FALSE,2047,101,QuestTitle_2046,QuestDesc_1,1045,"20460, 20461, 20462",TRUE,TRUE,FALSE,,Progress,TRUE,
b_0,2047,로사47,Main,HeroScenario,0,FALSE,TRUE,FALSE,FALSE,2048,101,QuestTitle_2047,QuestDesc_1,1046,"20470, 20471, 20472",TRUE,TRUE,FALSE,,Progress,TRUE,
b_0,2048,로사48,Main,HeroScenario,0,FALSE,TRUE,FALSE,FALSE,2049,101,QuestTitle_2048,QuestDesc_1,1047,"20480, 20481, 20482",TRUE,TRUE,FALSE,,Progress,TRUE,
b_0,2049,로사49,Main,HeroScenario,0,FALSE,TRUE,FALSE,FALSE,2050,101,QuestTitle_2049,QuestDesc_1,1048,"20490, 20491, 20492",TRUE,TRUE,FALSE,,Progress,TRUE,
b_0,2050,로사50,Main,HeroScenario,0,FALSE,FALSE,FALSE,FALSE,0,101,QuestTitle_2050,QuestDesc_1,1049,20500,TRUE,TRUE,FALSE,,Progress,TRUE,
b_0,3000,카일1,Main,HeroScenario,0,FALSE,FALSE,FALSE,FALSE,3001,101,QuestTitle_3000,QuestDesc_1,1001,30000,TRUE,TRUE,FALSE,,Progress,TRUE,
b_0,3001,카일2 - 인던,Main,HeroScenario,0,FALSE,TRUE,FALSE,FALSE,"3002, 300",101,QuestTitle_3001,QuestDesc_1,1002,"30010, 30011, 30012, 30013, 30014, 30015",TRUE,TRUE,FALSE,,Progress,FALSE,
b_0,3002,카일3,Main,HeroScenario,0,FALSE,TRUE,FALSE,FALSE,3003,101,QuestTitle_3002,QuestDesc_1,1003,"30020, 30021, 30022, 30023",TRUE,TRUE,FALSE,,Progress,TRUE,
b_0,3003,카일4,Main,HeroScenario,0,FALSE,TRUE,FALSE,FALSE,3004,101,QuestTitle_3003,QuestDesc_1,1004,"30030, 30031, 30032, 30033, 30034",TRUE,TRUE,FALSE,,Progress,TRUE,
b_0,3004,카일5,Main,HeroScenario,0,FALSE,TRUE,FALSE,FALSE,3005,101,QuestTitle_3004,QuestDesc_1,1005,"30040, 30041, 30042, 30043",TRUE,TRUE,FALSE,,Progress,TRUE,
b_0,3005,카일6,Main,HeroScenario,0,FALSE,FALSE,FALSE,FALSE,3006,101,QuestTitle_3005,QuestDesc_1,1006,30050,TRUE,TRUE,FALSE,,Progress,TRUE,
b_0,3006,카일7,Main,HeroScenario,0,FALSE,TRUE,FALSE,FALSE,3007,101,QuestTitle_3006,QuestDesc_1,1007,"30060, 30061, 30062, 30063",TRUE,TRUE,FALSE,,Progress,TRUE,
b_0,3007,카일8,Main,HeroScenario,0,FALSE,TRUE,FALSE,FALSE,3008,101,QuestTitle_3007,QuestDesc_1,1008,"30070, 30071, 30072",TRUE,TRUE,FALSE,,Progress,TRUE,0
b_0,3008,카일9,Main,HeroScenario,0,FALSE,TRUE,FALSE,FALSE,3009,101,QuestTitle_3008,QuestDesc_1,1009,"30080, 30081, 30082",TRUE,TRUE,FALSE,,Progress,TRUE,
b_0,3009,카일10,Main,HeroScenario,0,FALSE,TRUE,FALSE,FALSE,3010,101,QuestTitle_3009,QuestDesc_1,1010,"30090, 30091, 30092",TRUE,TRUE,FALSE,,Progress,TRUE,
b_0,3010,카일11,Main,HeroScenario,0,FALSE,TRUE,FALSE,FALSE,3012,101,QuestTitle_3010,QuestDesc_1,1011,"30100, 30101, 30102",TRUE,TRUE,FALSE,,Progress,TRUE,
b_0,3012,카일12 - 인던,Main,HeroScenario,0,FALSE,TRUE,FALSE,FALSE,3013,101,QuestTitle_3012,QuestDesc_1,1012,"30120, 30121, 30122, 30123, 30124, 30125",TRUE,TRUE,FALSE,,Progress,FALSE,
b_0,3013,카일13,Main,HeroScenario,0,FALSE,FALSE,FALSE,FALSE,3014,101,QuestTitle_3013,QuestDesc_1,1013,30130,TRUE,TRUE,FALSE,,Progress,TRUE,
b_0,3014,카일14,Main,HeroScenario,0,FALSE,TRUE,FALSE,FALSE,3015,101,QuestTitle_3014,QuestDesc_1,1014,"30140, 30141, 30142",TRUE,TRUE,FALSE,,Progress,TRUE,
b_0,3015,카일15,Main,HeroScenario,0,FALSE,TRUE,FALSE,FALSE,3016,101,QuestTitle_3015,QuestDesc_1,1015,"30150, 30151",TRUE,TRUE,FALSE,,Progress,TRUE,
b_0,3016,카일16,Main,HeroScenario,0,FALSE,FALSE,FALSE,FALSE,3017,101,QuestTitle_3016,QuestDesc_1,1016,30160,TRUE,TRUE,FALSE,,Progress,TRUE,
b_0,3017,카일17,Main,HeroScenario,0,FALSE,FALSE,FALSE,FALSE,3018,101,QuestTitle_3017,QuestDesc_1,1017,30170,TRUE,TRUE,FALSE,,Progress,TRUE,
b_0,3018,카일18,Main,HeroScenario,0,FALSE,FALSE,FALSE,FALSE,3019,101,QuestTitle_3018,QuestDesc_1,1018,30180,TRUE,TRUE,FALSE,,Progress,TRUE,
b_0,3019,카일19,Main,HeroScenario,0,FALSE,FALSE,FALSE,FALSE,3020,101,QuestTitle_3019,QuestDesc_1,1019,30190,TRUE,TRUE,FALSE,,Progress,TRUE,
b_0,3020,카일20,Main,HeroScenario,0,FALSE,TRUE,FALSE,FALSE,3021,101,QuestTitle_3020,QuestDesc_1,1020,"30200, 30201, 30202",TRUE,TRUE,FALSE,,Progress,TRUE,
b_0,3021,카일21,Main,HeroScenario,0,FALSE,TRUE,FALSE,FALSE,3022,101,QuestTitle_3021,QuestDesc_1,1021,"30210, 30211, 30212",TRUE,TRUE,FALSE,,Progress,TRUE,
b_0,3022,카일22,Main,HeroScenario,0,FALSE,TRUE,FALSE,FALSE,3023,101,QuestTitle_3022,QuestDesc_1,1022,"30220, 30221, 30222",TRUE,TRUE,FALSE,,Progress,TRUE,
b_0,3023,카일23,Main,HeroScenario,0,FALSE,TRUE,FALSE,FALSE,3024,101,QuestTitle_3023,QuestDesc_1,1023,"30230, 30231, 30232",TRUE,TRUE,FALSE,,Progress,TRUE,
b_0,3024,카일24,Main,HeroScenario,0,FALSE,TRUE,FALSE,FALSE,3025,101,QuestTitle_3024,QuestDesc_1,1024,"30240, 30241, 30242",TRUE,TRUE,FALSE,,Progress,TRUE,
b_0,3025,카일25,Main,HeroScenario,0,FALSE,TRUE,FALSE,FALSE,3027,101,QuestTitle_3025,QuestDesc_1,1025,"30250, 30251, 30252",TRUE,TRUE,FALSE,,Progress,TRUE,
b_0,3027,카일27,Main,HeroScenario,0,FALSE,FALSE,FALSE,FALSE,3028,101,QuestTitle_3027,QuestDesc_1,1026,30270,TRUE,TRUE,FALSE,,Progress,TRUE,
b_0,3028,카일28 - 인던,Main,HeroScenario,0,FALSE,TRUE,FALSE,FALSE,3029,101,QuestTitle_3028,QuestDesc_1,1027,"30280, 30281, 30282, 30283, 30284, 30285",TRUE,TRUE,FALSE,,Progress,FALSE,
b_0,3029,카일29,Main,HeroScenario,0,FALSE,FALSE,FALSE,FALSE,3030,101,QuestTitle_3029,QuestDesc_1,1028,30290,TRUE,TRUE,FALSE,,Progress,TRUE,
b_0,3030,카일30 - 인던,Main,HeroScenario,0,FALSE,TRUE,FALSE,FALSE,3031,101,QuestTitle_3030,QuestDesc_1,1029,"30300, 30301, 30302, 30303, 30304",TRUE,TRUE,FALSE,,Progress,FALSE,
b_0,3031,카일31,Main,HeroScenario,0,FALSE,FALSE,FALSE,FALSE,3032,101,QuestTitle_3031,QuestDesc_1,1030,30310,TRUE,TRUE,FALSE,,Progress,TRUE,
b_0,3032,카일32,Main,HeroScenario,0,FALSE,FALSE,FALSE,FALSE,3033,101,QuestTitle_3032,QuestDesc_1,1031,30320,TRUE,TRUE,FALSE,,Progress,TRUE,
b_0,3033,카일33,Main,HeroScenario,0,FALSE,FALSE,FALSE,FALSE,3034,101,QuestTitle_3033,QuestDesc_1,1032,30330,TRUE,TRUE,FALSE,,Progress,TRUE,
b_0,3034,카일34,Main,HeroScenario,0,FALSE,TRUE,FALSE,FALSE,3035,101,QuestTitle_3034,QuestDesc_1,1033,"30340, 30341, 30342",TRUE,TRUE,FALSE,,Progress,TRUE,
b_0,3035,카일35,Main,HeroScenario,0,FALSE,TRUE,FALSE,FALSE,3036,101,QuestTitle_3035,QuestDesc_1,1034,"30350, 30351, 30352",TRUE,TRUE,FALSE,,Progress,TRUE,
b_0,3036,카일36,Main,HeroScenario,0,FALSE,TRUE,FALSE,FALSE,3037,101,QuestTitle_3036,QuestDesc_1,1035,"30360, 30361, 30362",TRUE,TRUE,FALSE,,Progress,TRUE,
b_0,3037,카일37,Main,HeroScenario,0,FALSE,TRUE,FALSE,FALSE,3038,101,QuestTitle_3037,QuestDesc_1,1036,"30370, 30371, 30372",TRUE,TRUE,FALSE,,Progress,TRUE,
b_0,3038,카일38,Main,HeroScenario,0,FALSE,TRUE,FALSE,FALSE,3039,101,QuestTitle_3038,QuestDesc_1,1037,"30380, 30381, 30382",TRUE,TRUE,FALSE,,Progress,TRUE,
b_0,3039,카일39,Main,HeroScenario,0,FALSE,TRUE,FALSE,FALSE,3040,101,QuestTitle_3039,QuestDesc_1,1038,"30390, 30391, 30392",TRUE,TRUE,FALSE,,Progress,TRUE,
b_0,3040,카일40,Main,HeroScenario,0,FALSE,FALSE,FALSE,FALSE,3041,101,QuestTitle_3040,QuestDesc_1,1039,30400,TRUE,TRUE,FALSE,,Progress,TRUE,
b_0,3041,카일41,Main,HeroScenario,0,FALSE,FALSE,FALSE,FALSE,3042,101,QuestTitle_3041,QuestDesc_1,1040,30410,TRUE,TRUE,FALSE,,Progress,TRUE,
b_0,3042,카일42 - 인던,Main,HeroScenario,0,FALSE,TRUE,FALSE,FALSE,3043,101,QuestTitle_3042,QuestDesc_1,1041,"30420, 30421, 30422, 30423, 30424",TRUE,TRUE,FALSE,,Progress,FALSE,
b_0,3043,카일43,Main,HeroScenario,0,FALSE,TRUE,FALSE,FALSE,3044,101,QuestTitle_3043,QuestDesc_1,1042,"30430, 30431",TRUE,TRUE,FALSE,,Progress,TRUE,
b_0,3044,카일44,Main,HeroScenario,0,FALSE,TRUE,FALSE,FALSE,3045,101,QuestTitle_3044,QuestDesc_1,1043,"30440, 30441, 30442",TRUE,TRUE,FALSE,,Progress,TRUE,
b_0,3045,카일45,Main,HeroScenario,0,FALSE,TRUE,FALSE,FALSE,3046,101,QuestTitle_3045,QuestDesc_1,1044,"30450, 30451, 30452",TRUE,TRUE,FALSE,,Progress,TRUE,
b_0,3046,카일46,Main,HeroScenario,0,FALSE,TRUE,FALSE,FALSE,3047,101,QuestTitle_3046,QuestDesc_1,1045,"30460, 30461, 30462",TRUE,TRUE,FALSE,,Progress,TRUE,
b_0,3047,카일47,Main,HeroScenario,0,FALSE,TRUE,FALSE,FALSE,3048,101,QuestTitle_3047,QuestDesc_1,1046,"30470, 30471, 30472",TRUE,TRUE,FALSE,,Progress,TRUE,
b_0,3048,카일48,Main,HeroScenario,0,FALSE,TRUE,FALSE,FALSE,3049,101,QuestTitle_3048,QuestDesc_1,1047,"30480, 30481, 30482",TRUE,TRUE,FALSE,,Progress,TRUE,
b_0,3049,카일49,Main,HeroScenario,0,FALSE,TRUE,FALSE,FALSE,3050,101,QuestTitle_3049,QuestDesc_1,1048,"30490, 30491, 30492",TRUE,TRUE,FALSE,,Progress,TRUE,
b_0,3050,카일50,Main,HeroScenario,0,FALSE,FALSE,FALSE,FALSE,0,101,QuestTitle_3050,QuestDesc_1,1049,30500,TRUE,TRUE,FALSE,,Progress,TRUE,
b_0,4000,사샤1 - 인던,Main,HeroScenario,0,FALSE,TRUE,FALSE,FALSE,4001,101,QuestTitle_4000,QuestDesc_1,1001,"40000, 40001, 40002, 40003, 40004, 40005",TRUE,TRUE,FALSE,,Progress,FALSE,
b_0,4001,사샤2,Main,HeroScenario,0,FALSE,TRUE,FALSE,FALSE,"4002, 500",101,QuestTitle_4001,QuestDesc_1,1002,"40010, 40011, 40012",TRUE,TRUE,FALSE,,Progress,TRUE,
b_0,4002,사샤3,Main,HeroScenario,0,FALSE,TRUE,FALSE,FALSE,4003,101,QuestTitle_4002,QuestDesc_1,1003,"40020, 40021, 40022, 40023",TRUE,TRUE,FALSE,,Progress,TRUE,
b_0,4003,사샤4,Main,HeroScenario,0,FALSE,FALSE,FALSE,FALSE,4004,101,QuestTitle_4003,QuestDesc_1,1004,40030,TRUE,TRUE,FALSE,,Progress,TRUE,
b_0,4004,사샤5,Main,HeroScenario,0,FALSE,TRUE,FALSE,FALSE,4005,101,QuestTitle_4004,QuestDesc_1,1005,"40040, 40041, 40042",TRUE,TRUE,FALSE,,Progress,TRUE,
b_0,4005,사샤6,Main,HeroScenario,0,FALSE,TRUE,FALSE,FALSE,4006,101,QuestTitle_4005,QuestDesc_1,1006,"40050, 40051, 40052, 40053",TRUE,TRUE,FALSE,,Progress,TRUE,
b_0,4006,사샤7,Main,HeroScenario,0,FALSE,FALSE,FALSE,FALSE,4007,101,QuestTitle_4006,QuestDesc_1,1007,40060,TRUE,TRUE,FALSE,,Progress,TRUE,
b_0,4007,사샤8,Main,HeroScenario,0,FALSE,TRUE,FALSE,FALSE,4008,101,QuestTitle_4007,QuestDesc_1,1008,"40070, 40071, 40072, 40073",TRUE,TRUE,FALSE,,Progress,TRUE,
b_0,4008,사샤9,Main,HeroScenario,0,FALSE,TRUE,FALSE,FALSE,4009,101,QuestTitle_4008,QuestDesc_1,1009,"40080, 40081, 40082",TRUE,TRUE,FALSE,,Progress,TRUE,
b_0,4009,사샤10,Main,HeroScenario,0,FALSE,TRUE,FALSE,FALSE,4010,101,QuestTitle_4009,QuestDesc_1,1010,"40090, 40091, 40092",TRUE,TRUE,FALSE,,Progress,TRUE,
b_0,4010,사샤11,Main,HeroScenario,0,FALSE,TRUE,FALSE,FALSE,4011,101,QuestTitle_4010,QuestDesc_1,1011,"40100, 40101, 40102",TRUE,TRUE,FALSE,,Progress,TRUE,
b_0,4011,사샤12,Main,HeroScenario,0,FALSE,TRUE,FALSE,FALSE,4013,101,QuestTitle_4011,QuestDesc_1,1012,"40110, 40111, 40112",TRUE,TRUE,FALSE,,Progress,TRUE,
b_0,4013,사샤13,Main,HeroScenario,0,FALSE,FALSE,FALSE,FALSE,4014,101,QuestTitle_4013,QuestDesc_1,1013,40130,TRUE,TRUE,FALSE,,Progress,TRUE,
b_0,4014,사샤14 - 인던,Main,HeroScenario,0,FALSE,TRUE,FALSE,FALSE,4015,101,QuestTitle_4014,QuestDesc_1,1014,"40140, 40141, 40142, 40143, 40144, 40145",TRUE,TRUE,FALSE,,Progress,FALSE,
b_0,4015,사샤15,Main,HeroScenario,0,FALSE,TRUE,FALSE,FALSE,4016,101,QuestTitle_4015,QuestDesc_1,1015,"40150, 40151, 40152",TRUE,TRUE,FALSE,,Progress,TRUE,
b_0,4016,사샤16,Main,HeroScenario,0,FALSE,TRUE,FALSE,FALSE,4017,101,QuestTitle_4016,QuestDesc_1,1016,"40160, 40161, 40162, 40163",TRUE,TRUE,FALSE,,Progress,TRUE,
b_0,4017,사샤17,Main,HeroScenario,0,FALSE,TRUE,FALSE,FALSE,4018,101,QuestTitle_4017,QuestDesc_1,1017,"40170, 40171",TRUE,TRUE,FALSE,,Progress,TRUE,
b_0,4018,사샤18,Main,HeroScenario,0,FALSE,TRUE,FALSE,FALSE,4019,101,QuestTitle_4018,QuestDesc_1,1018,"40180, 40181",TRUE,TRUE,FALSE,,Progress,TRUE,
b_0,4019,사샤19,Main,HeroScenario,0,FALSE,TRUE,FALSE,FALSE,4020,101,QuestTitle_4019,QuestDesc_1,1019,"40190, 40191",TRUE,TRUE,FALSE,,Progress,TRUE,
b_0,4020,사샤20,Main,HeroScenario,0,FALSE,TRUE,FALSE,FALSE,4021,101,QuestTitle_4020,QuestDesc_1,1020,"40200, 40201, 40202",TRUE,TRUE,FALSE,,Progress,TRUE,
b_0,4021,사샤21,Main,HeroScenario,0,FALSE,TRUE,FALSE,FALSE,4022,101,QuestTitle_4021,QuestDesc_1,1021,"40210, 40211, 40212",TRUE,TRUE,FALSE,,Progress,TRUE,
b_0,4022,사샤22,Main,HeroScenario,0,FALSE,TRUE,FALSE,FALSE,4023,101,QuestTitle_4022,QuestDesc_1,1022,"40220, 40221, 40222",TRUE,TRUE,FALSE,,Progress,TRUE,
b_0,4023,사샤23,Main,HeroScenario,0,FALSE,TRUE,FALSE,FALSE,4024,101,QuestTitle_4023,QuestDesc_1,1023,"40230, 40231, 40232",TRUE,TRUE,FALSE,,Progress,TRUE,
b_0,4024,사샤24,Main,HeroScenario,0,FALSE,TRUE,FALSE,FALSE,4025,101,QuestTitle_4024,QuestDesc_1,1024,"40240, 40241, 40242",TRUE,TRUE,FALSE,,Progress,TRUE,
b_0,4025,사샤25,Main,HeroScenario,0,FALSE,TRUE,FALSE,FALSE,4027,101,QuestTitle_4025,QuestDesc_1,1025,"40250, 40251, 40252",TRUE,TRUE,FALSE,,Progress,TRUE,
b_0,4027,사샤26,Main,HeroScenario,0,FALSE,FALSE,FALSE,FALSE,4028,101,QuestTitle_4027,QuestDesc_1,1026,40270,TRUE,TRUE,FALSE,,Progress,TRUE,
b_0,4028,사샤27,Main,HeroScenario,0,FALSE,TRUE,FALSE,FALSE,4029,101,QuestTitle_4028,QuestDesc_1,1027,"40280, 40281, 40282",TRUE,TRUE,FALSE,,Progress,TRUE,
b_0,4029,사샤28,Main,HeroScenario,0,FALSE,TRUE,FALSE,FALSE,4030,101,QuestTitle_4029,QuestDesc_1,1028,"40290, 40291, 40292",TRUE,TRUE,FALSE,,Progress,TRUE,
b_0,4030,사샤29 - 인던,Main,HeroScenario,0,FALSE,TRUE,FALSE,FALSE,4031,101,QuestTitle_4030,QuestDesc_1,1029,"40300, 40301, 40302, 40303, 40304, 40305",TRUE,TRUE,FALSE,,Progress,FALSE,
b_0,4031,사샤30,Main,HeroScenario,0,FALSE,TRUE,FALSE,FALSE,4032,101,QuestTitle_4031,QuestDesc_1,1030,"40310, 40311, 40312",TRUE,TRUE,FALSE,,Progress,TRUE,
b_0,4032,사샤31 - 인던,Main,HeroScenario,0,FALSE,TRUE,FALSE,FALSE,4033,101,QuestTitle_4032,QuestDesc_1,1031,"40320, 40321, 40322, 40323, 40324, 40325",TRUE,TRUE,FALSE,,Progress,FALSE,
b_0,4033,사샤32,Main,HeroScenario,0,FALSE,FALSE,FALSE,FALSE,4034,101,QuestTitle_4033,QuestDesc_1,1032,40330,TRUE,TRUE,FALSE,,Progress,TRUE,
b_0,4034,사샤33,Main,HeroScenario,0,FALSE,TRUE,FALSE,FALSE,4035,101,QuestTitle_4034,QuestDesc_1,1033,"40340, 40341, 40342",TRUE,TRUE,FALSE,,Progress,TRUE,
b_0,4035,사샤34,Main,HeroScenario,0,FALSE,TRUE,FALSE,FALSE,4036,101,QuestTitle_4035,QuestDesc_1,1034,"40350, 40351, 40352",TRUE,TRUE,FALSE,,Progress,TRUE,
b_0,4036,사샤35,Main,HeroScenario,0,FALSE,TRUE,FALSE,FALSE,4037,101,QuestTitle_4036,QuestDesc_1,1035,"40360, 40361, 40362",TRUE,TRUE,FALSE,,Progress,TRUE,
b_0,4037,사샤36,Main,HeroScenario,0,FALSE,TRUE,FALSE,FALSE,4038,101,QuestTitle_4037,QuestDesc_1,1036,"40370, 40371, 40372",TRUE,TRUE,FALSE,,Progress,TRUE,
b_0,4038,사샤37,Main,HeroScenario,0,FALSE,TRUE,FALSE,FALSE,4039,101,QuestTitle_4038,QuestDesc_1,1037,"40380, 40381, 40382",TRUE,TRUE,FALSE,,Progress,TRUE,
b_0,4039,사샤38,Main,HeroScenario,0,FALSE,TRUE,FALSE,FALSE,4040,101,QuestTitle_4039,QuestDesc_1,1038,"40390, 40391, 40392",TRUE,TRUE,FALSE,,Progress,TRUE,
b_0,4040,사샤39,Main,HeroScenario,0,FALSE,FALSE,FALSE,FALSE,4041,101,QuestTitle_4040,QuestDesc_1,1039,40400,TRUE,TRUE,FALSE,,Progress,TRUE,
b_0,4041,사샤40,Main,HeroScenario,0,FALSE,TRUE,FALSE,FALSE,4042,101,QuestTitle_4041,QuestDesc_1,1040,"40410, 40411",TRUE,TRUE,FALSE,,Progress,TRUE,
b_0,4042,사샤41,Main,HeroScenario,0,FALSE,TRUE,FALSE,FALSE,4043,101,QuestTitle_4042,QuestDesc_1,1041,"40420, 40421",TRUE,TRUE,FALSE,,Progress,TRUE,
b_0,4043,사샤42 - 인던,Main,HeroScenario,0,FALSE,TRUE,FALSE,FALSE,4044,101,QuestTitle_4043,QuestDesc_1,1042,"40430, 40431, 40432, 40433, 40434, 40435",TRUE,TRUE,FALSE,,Progress,FALSE,
b_0,4044,사샤43 ,Main,HeroScenario,0,FALSE,TRUE,FALSE,FALSE,4045,101,QuestTitle_4044,QuestDesc_1,1043,"40440, 40441",TRUE,TRUE,FALSE,,Progress,TRUE,
b_0,4045,사샤44,Main,HeroScenario,0,FALSE,TRUE,FALSE,FALSE,4046,101,QuestTitle_4045,QuestDesc_1,1044,"40450, 40451, 40452",TRUE,TRUE,FALSE,,Progress,TRUE,
b_0,4046,사샤45,Main,HeroScenario,0,FALSE,TRUE,FALSE,FALSE,4047,101,QuestTitle_4046,QuestDesc_1,1045,"40460, 40461, 40462",TRUE,TRUE,FALSE,,Progress,TRUE,
b_0,4047,사샤46,Main,HeroScenario,0,FALSE,TRUE,FALSE,FALSE,4048,101,QuestTitle_4047,QuestDesc_1,1046,"40470, 40471, 40472",TRUE,TRUE,FALSE,,Progress,TRUE,
b_0,4048,사샤47,Main,HeroScenario,0,FALSE,TRUE,FALSE,FALSE,4049,101,QuestTitle_4048,QuestDesc_1,1047,"40480, 40481, 40482",TRUE,TRUE,FALSE,,Progress,TRUE,
b_0,4049,사샤48,Main,HeroScenario,0,FALSE,TRUE,FALSE,FALSE,4050,101,QuestTitle_4049,QuestDesc_1,1048,"40490, 40491, 40492",TRUE,TRUE,FALSE,,Progress,TRUE,
b_0,4050,사샤49,Main,HeroScenario,0,FALSE,TRUE,FALSE,FALSE,4051,101,QuestTitle_4050,QuestDesc_1,1049,"40500, 40501, 40502",TRUE,TRUE,FALSE,,Progress,TRUE,
b_0,4051,사샤50,Main,HeroScenario,0,FALSE,FALSE,FALSE,FALSE,0,101,QuestTitle_4051,QuestDesc_1,1050,40510,TRUE,TRUE,FALSE,,Progress,TRUE,
b_0,5000,하르칼1 - 인던,Main,HeroScenario,0,FALSE,TRUE,FALSE,FALSE,5001,101,QuestTitle_5000,QuestDesc_1,1001,"50000, 50001, 50002, 50003, 50004, 50005",TRUE,TRUE,FALSE,,Progress,FALSE,
b_0,5001,하르칼2,Main,HeroScenario,0,FALSE,TRUE,FALSE,FALSE,"5002, 500",101,QuestTitle_5001,QuestDesc_1,1002,"50010, 50011, 50012",TRUE,TRUE,FALSE,,Progress,TRUE,
b_0,5002,하르칼3,Main,HeroScenario,0,FALSE,TRUE,FALSE,FALSE,5003,101,QuestTitle_5002,QuestDesc_1,1003,"50020, 50021, 50022, 50023",TRUE,TRUE,FALSE,,Progress,TRUE,
b_0,5003,하르칼4,Main,HeroScenario,0,FALSE,FALSE,FALSE,FALSE,5004,101,QuestTitle_5003,QuestDesc_1,1004,50030,TRUE,TRUE,FALSE,,Progress,TRUE,
b_0,5004,하르칼5,Main,HeroScenario,0,FALSE,TRUE,FALSE,FALSE,5005,101,QuestTitle_5004,QuestDesc_1,1005,"50040, 50041, 50042",TRUE,TRUE,FALSE,,Progress,TRUE,
b_0,5005,하르칼6,Main,HeroScenario,0,FALSE,TRUE,FALSE,FALSE,5006,101,QuestTitle_5005,QuestDesc_1,1006,"50050, 50051, 50052, 50053",TRUE,TRUE,FALSE,,Progress,TRUE,
b_0,5006,하르칼7,Main,HeroScenario,0,FALSE,FALSE,FALSE,FALSE,5007,101,QuestTitle_5006,QuestDesc_1,1007,50060,TRUE,TRUE,FALSE,,Progress,TRUE,
b_0,5007,하르칼8,Main,HeroScenario,0,FALSE,TRUE,FALSE,FALSE,5008,101,QuestTitle_5007,QuestDesc_1,1008,"50070, 50071, 50072, 50073",TRUE,TRUE,FALSE,,Progress,TRUE,
b_0,5008,하르칼9,Main,HeroScenario,0,FALSE,TRUE,FALSE,FALSE,5009,101,QuestTitle_5008,QuestDesc_1,1009,"50080, 50081, 50082",TRUE,TRUE,FALSE,,Progress,TRUE,
b_0,5009,하르칼10,Main,HeroScenario,0,FALSE,TRUE,FALSE,FALSE,5010,101,QuestTitle_5009,QuestDesc_1,1010,"50090, 50091, 50092",TRUE,TRUE,FALSE,,Progress,TRUE,
b_0,5010,하르칼11,Main,HeroScenario,0,FALSE,TRUE,FALSE,FALSE,5011,101,QuestTitle_5010,QuestDesc_1,1011,"50100, 50101, 50102",TRUE,TRUE,FALSE,,Progress,TRUE,
b_0,5011,하르칼12,Main,HeroScenario,0,FALSE,TRUE,FALSE,FALSE,5013,101,QuestTitle_5011,QuestDesc_1,1012,"50110, 50111, 50112",TRUE,TRUE,FALSE,,Progress,TRUE,
b_0,5013,하르칼13,Main,HeroScenario,0,FALSE,FALSE,FALSE,FALSE,5014,101,QuestTitle_5013,QuestDesc_1,1013,50130,TRUE,TRUE,FALSE,,Progress,TRUE,
b_0,5014,하르칼14 - 인던,Main,HeroScenario,0,FALSE,TRUE,FALSE,FALSE,5015,101,QuestTitle_5014,QuestDesc_1,1014,"50140, 50141, 50142, 50143, 50144, 50145",TRUE,TRUE,FALSE,,Progress,FALSE,
b_0,5015,하르칼15,Main,HeroScenario,0,FALSE,TRUE,FALSE,FALSE,5016,101,QuestTitle_5015,QuestDesc_1,1015,"50150, 50151, 50152",TRUE,TRUE,FALSE,,Progress,TRUE,
b_0,5016,하르칼16,Main,HeroScenario,0,FALSE,TRUE,FALSE,FALSE,5017,101,QuestTitle_5016,QuestDesc_1,1016,"50160, 50161, 50162, 50163",TRUE,TRUE,FALSE,,Progress,TRUE,
b_0,5017,하르칼17,Main,HeroScenario,0,FALSE,TRUE,FALSE,FALSE,5018,101,QuestTitle_5017,QuestDesc_1,1017,"50170, 50171",TRUE,TRUE,FALSE,,Progress,TRUE,
b_0,5018,하르칼18,Main,HeroScenario,0,FALSE,TRUE,FALSE,FALSE,5019,101,QuestTitle_5018,QuestDesc_1,1018,"50180, 50181",TRUE,TRUE,FALSE,,Progress,TRUE,
b_0,5019,하르칼19,Main,HeroScenario,0,FALSE,TRUE,FALSE,FALSE,5020,101,QuestTitle_5019,QuestDesc_1,1019,"50190, 50191",TRUE,TRUE,FALSE,,Progress,TRUE,
b_0,5020,하르칼20,Main,HeroScenario,0,FALSE,TRUE,FALSE,FALSE,5021,101,QuestTitle_5020,QuestDesc_1,1020,"50200, 50201, 50202",TRUE,TRUE,FALSE,,Progress,TRUE,
b_0,5021,하르칼21,Main,HeroScenario,0,FALSE,TRUE,FALSE,FALSE,5022,101,QuestTitle_5021,QuestDesc_1,1021,"50210, 50211, 50212",TRUE,TRUE,FALSE,,Progress,TRUE,
b_0,5022,하르칼22,Main,HeroScenario,0,FALSE,TRUE,FALSE,FALSE,5023,101,QuestTitle_5022,QuestDesc_1,1022,"50220, 50221, 50222",TRUE,TRUE,FALSE,,Progress,TRUE,
b_0,5023,하르칼23,Main,HeroScenario,0,FALSE,TRUE,FALSE,FALSE,5024,101,QuestTitle_5023,QuestDesc_1,1023,"50230, 50231, 50232",TRUE,TRUE,FALSE,,Progress,TRUE,
b_0,5024,하르칼24,Main,HeroScenario,0,FALSE,TRUE,FALSE,FALSE,5025,101,QuestTitle_5024,QuestDesc_1,1024,"50240, 50241, 50242",TRUE,TRUE,FALSE,,Progress,TRUE,
b_0,5025,하르칼25,Main,HeroScenario,0,FALSE,TRUE,FALSE,FALSE,5027,101,QuestTitle_5025,QuestDesc_1,1025,"50250, 50251, 50252",TRUE,TRUE,FALSE,,Progress,TRUE,
b_0,5027,하르칼26,Main,HeroScenario,0,FALSE,FALSE,FALSE,FALSE,5028,101,QuestTitle_5027,QuestDesc_1,1026,50270,TRUE,TRUE,FALSE,,Progress,TRUE,
b_0,5028,하르칼27,Main,HeroScenario,0,FALSE,TRUE,FALSE,FALSE,5029,101,QuestTitle_5028,QuestDesc_1,1027,"50280, 50281, 50282",TRUE,TRUE,FALSE,,Progress,TRUE,
b_0,5029,하르칼28,Main,HeroScenario,0,FALSE,TRUE,FALSE,FALSE,5030,101,QuestTitle_5029,QuestDesc_1,1028,"50290, 50291, 50292",TRUE,TRUE,FALSE,,Progress,TRUE,
b_0,5030,하르칼29 - 인던,Main,HeroScenario,0,FALSE,TRUE,FALSE,FALSE,5031,101,QuestTitle_5030,QuestDesc_1,1029,"50300, 50301, 50302, 50303, 50304, 50305",TRUE,TRUE,FALSE,,Progress,FALSE,
b_0,5031,하르칼30,Main,HeroScenario,0,FALSE,TRUE,FALSE,FALSE,5032,101,QuestTitle_5031,QuestDesc_1,1030,"50310, 50311, 50312",TRUE,TRUE,FALSE,,Progress,TRUE,
b_0,5032,하르칼31 - 인던,Main,HeroScenario,0,FALSE,TRUE,FALSE,FALSE,5033,101,QuestTitle_5032,QuestDesc_1,1031,"50320, 50321, 50322, 50323, 50324, 50325",TRUE,TRUE,FALSE,,Progress,FALSE,
b_0,5033,하르칼32,Main,HeroScenario,0,FALSE,FALSE,FALSE,FALSE,5034,101,QuestTitle_5033,QuestDesc_1,1032,50330,TRUE,TRUE,FALSE,,Progress,TRUE,
b_0,5034,하르칼33,Main,HeroScenario,0,FALSE,TRUE,FALSE,FALSE,5035,101,QuestTitle_5034,QuestDesc_1,1033,"50340, 50341, 50342",TRUE,TRUE,FALSE,,Progress,TRUE,
b_0,5035,하르칼34,Main,HeroScenario,0,FALSE,TRUE,FALSE,FALSE,5036,101,QuestTitle_5035,QuestDesc_1,1034,"50350, 50351, 50352",TRUE,TRUE,FALSE,,Progress,TRUE,
b_0,5036,하르칼35,Main,HeroScenario,0,FALSE,TRUE,FALSE,FALSE,5037,101,QuestTitle_5036,QuestDesc_1,1035,"50360, 50361, 50362",TRUE,TRUE,FALSE,,Progress,TRUE,
b_0,5037,하르칼36,Main,HeroScenario,0,FALSE,TRUE,FALSE,FALSE,5038,101,QuestTitle_5037,QuestDesc_1,1036,"50370, 50371, 50372",TRUE,TRUE,FALSE,,Progress,TRUE,
b_0,5038,하르칼37,Main,HeroScenario,0,FALSE,TRUE,FALSE,FALSE,5039,101,QuestTitle_5038,QuestDesc_1,1037,"50380, 50381, 50382",TRUE,TRUE,FALSE,,Progress,TRUE,
b_0,5039,하르칼38,Main,HeroScenario,0,FALSE,TRUE,FALSE,FALSE,5040,101,QuestTitle_5039,QuestDesc_1,1038,"50390, 50391, 50392",TRUE,TRUE,FALSE,,Progress,TRUE,
b_0,5040,하르칼39,Main,HeroScenario,0,FALSE,FALSE,FALSE,FALSE,5041,101,QuestTitle_5040,QuestDesc_1,1039,50400,TRUE,TRUE,FALSE,,Progress,TRUE,
b_0,5041,하르칼40,Main,HeroScenario,0,FALSE,TRUE,FALSE,FALSE,5042,101,QuestTitle_5041,QuestDesc_1,1040,"50410, 50411",TRUE,TRUE,FALSE,,Progress,TRUE,
b_0,5042,하르칼41,Main,HeroScenario,0,FALSE,TRUE,FALSE,FALSE,5043,101,QuestTitle_5042,QuestDesc_1,1041,"50420, 50421",TRUE,TRUE,FALSE,,Progress,TRUE,
b_0,5043,하르칼42 - 인던,Main,HeroScenario,0,FALSE,TRUE,FALSE,FALSE,5044,101,QuestTitle_5043,QuestDesc_1,1042,"50430, 50431, 50432, 50433, 50434, 50435",TRUE,TRUE,FALSE,,Progress,FALSE,
b_0,5044,하르칼43 ,Main,HeroScenario,0,FALSE,TRUE,FALSE,FALSE,5045,101,QuestTitle_5044,QuestDesc_1,1043,"50440, 50441",TRUE,TRUE,FALSE,,Progress,TRUE,
b_0,5045,하르칼44,Main,HeroScenario,0,FALSE,TRUE,FALSE,FALSE,5046,101,QuestTitle_5045,QuestDesc_1,1044,"50450, 50451, 50452",TRUE,TRUE,FALSE,,Progress,TRUE,
b_0,5046,하르칼45,Main,HeroScenario,0,FALSE,TRUE,FALSE,FALSE,5047,101,QuestTitle_5046,QuestDesc_1,1045,"50460, 50461, 50462",TRUE,TRUE,FALSE,,Progress,TRUE,
b_0,5047,하르칼46,Main,HeroScenario,0,FALSE,TRUE,FALSE,FALSE,5048,101,QuestTitle_5047,QuestDesc_1,1046,"50470, 50471, 50472",TRUE,TRUE,FALSE,,Progress,TRUE,
b_0,5048,하르칼47,Main,HeroScenario,0,FALSE,TRUE,FALSE,FALSE,5049,101,QuestTitle_5048,QuestDesc_1,1047,"50480, 50481, 50482",TRUE,TRUE,FALSE,,Progress,TRUE,
b_0,5049,하르칼48,Main,HeroScenario,0,FALSE,TRUE,FALSE,FALSE,5050,101,QuestTitle_5049,QuestDesc_1,1048,"50490, 50491, 50492",TRUE,TRUE,FALSE,,Progress,TRUE,
b_0,5050,하르칼49,Main,HeroScenario,0,FALSE,TRUE,FALSE,FALSE,5051,101,QuestTitle_5050,QuestDesc_1,1049,"50500, 50501, 50502",TRUE,TRUE,FALSE,,Progress,TRUE,
b_0,5051,하르칼50,Main,HeroScenario,0,FALSE,FALSE,FALSE,FALSE,0,101,QuestTitle_5051,QuestDesc_1,1050,50510,TRUE,TRUE,FALSE,,Progress,TRUE,
b_0,6000,바에라1,Main,HeroScenario,0,FALSE,FALSE,FALSE,FALSE,6001,101,QuestTitle_6000,QuestDesc_1,1001,60000,TRUE,TRUE,FALSE,,Progress,TRUE,
b_0,6001,바에라2 - 인던,Main,HeroScenario,0,FALSE,TRUE,FALSE,FALSE,"6002, 400",101,QuestTitle_6001,QuestDesc_1,1002,"60010, 60011, 60012, 60013, 60014, 60015, 60016",TRUE,TRUE,FALSE,,Progress,FALSE,
b_0,6002,바에라3,Main,HeroScenario,0,FALSE,FALSE,FALSE,FALSE,6003,101,QuestTitle_6002,QuestDesc_1,1003,60020,TRUE,TRUE,FALSE,,Progress,TRUE,
b_0,6003,바에라4,Main,HeroScenario,0,FALSE,TRUE,FALSE,FALSE,6004,101,QuestTitle_6003,QuestDesc_1,1004,"60030, 60031, 60032",TRUE,TRUE,FALSE,,Progress,TRUE,
b_0,6004,바에라5,Main,HeroScenario,0,FALSE,TRUE,FALSE,FALSE,6005,101,QuestTitle_6004,QuestDesc_1,1005,"60040, 60041, 60042, 60043",TRUE,TRUE,FALSE,,Progress,TRUE,
b_0,6005,바에라6,Main,HeroScenario,0,FALSE,TRUE,FALSE,FALSE,6006,101,QuestTitle_6005,QuestDesc_1,1006,"60050, 60051, 60052, 60053",TRUE,TRUE,FALSE,,Progress,TRUE,
b_0,6006,바에라7,Main,HeroScenario,0,FALSE,TRUE,FALSE,FALSE,6007,101,QuestTitle_6006,QuestDesc_1,1007,"60060, 60061, 60062",TRUE,TRUE,FALSE,,Progress,TRUE,
b_0,6007,바에라8,Main,HeroScenario,0,FALSE,TRUE,FALSE,FALSE,6008,101,QuestTitle_6007,QuestDesc_1,1008,"60070, 60071",TRUE,TRUE,FALSE,,Progress,TRUE,
b_0,6008,바에라9,Main,HeroScenario,0,FALSE,TRUE,FALSE,FALSE,6009,101,QuestTitle_6008,QuestDesc_1,1009,"60080, 60081",TRUE,TRUE,FALSE,,Progress,TRUE,
b_0,6009,바에라10,Main,HeroScenario,0,FALSE,TRUE,FALSE,FALSE,6060,101,QuestTitle_6009,QuestDesc_1,1010,"60090, 60091",TRUE,TRUE,FALSE,,Progress,TRUE,
b_0,6060,바에라11,Main,HeroScenario,0,FALSE,TRUE,FALSE,FALSE,6012,101,QuestTitle_6060,QuestDesc_1,1011,"60100, 60101",TRUE,TRUE,FALSE,,Progress,TRUE,
b_0,6012,바에라12,Main,HeroScenario,0,FALSE,FALSE,FALSE,FALSE,6013,101,QuestTitle_6012,QuestDesc_1,1012,60120,TRUE,TRUE,FALSE,,Progress,TRUE,
b_0,6013,바에라13 - 인던,Main,HeroScenario,0,FALSE,TRUE,FALSE,FALSE,6014,101,QuestTitle_6013,QuestDesc_1,1013,"60130, 60131, 60132, 60133, 60134",TRUE,TRUE,FALSE,,Progress,FALSE,
b_0,6014,바에라14,Main,HeroScenario,0,FALSE,TRUE,FALSE,FALSE,6015,101,QuestTitle_6014,QuestDesc_1,1014,"60140, 60141, 60142",TRUE,TRUE,FALSE,,Progress,TRUE,
b_0,6015,바에라15,Main,HeroScenario,0,FALSE,TRUE,FALSE,FALSE,6016,101,QuestTitle_6015,QuestDesc_1,1015,"60150, 60151, 60152",TRUE,TRUE,FALSE,,Progress,TRUE,
b_0,6016,바에라16,Main,HeroScenario,0,FALSE,FALSE,FALSE,FALSE,6017,101,QuestTitle_6016,QuestDesc_1,1016,60160,TRUE,TRUE,FALSE,,Progress,TRUE,
b_0,6017,바에라17,Main,HeroScenario,0,FALSE,FALSE,FALSE,FALSE,6018,101,QuestTitle_6017,QuestDesc_1,1017,60170,TRUE,TRUE,FALSE,,Progress,TRUE,
b_0,6018,바에라18,Main,HeroScenario,0,FALSE,TRUE,FALSE,FALSE,6019,101,QuestTitle_6018,QuestDesc_1,1018,"60180, 60181",TRUE,TRUE,FALSE,,Progress,TRUE,
b_0,6019,바에라19,Main,HeroScenario,0,FALSE,TRUE,FALSE,FALSE,6020,101,QuestTitle_6019,QuestDesc_1,1019,"60190, 60191",TRUE,TRUE,FALSE,,Progress,TRUE,
b_0,6020,바에라20,Main,HeroScenario,0,FALSE,TRUE,FALSE,FALSE,6021,101,QuestTitle_6020,QuestDesc_1,1020,"60200, 60201, 60202",TRUE,TRUE,FALSE,,Progress,TRUE,
b_0,6021,바에라21,Main,HeroScenario,0,FALSE,TRUE,FALSE,FALSE,6022,101,QuestTitle_6021,QuestDesc_1,1021,"60210, 60211, 60212",TRUE,TRUE,FALSE,,Progress,TRUE,
b_0,6022,바에라22,Main,HeroScenario,0,FALSE,TRUE,FALSE,FALSE,6023,101,QuestTitle_6022,QuestDesc_1,1022,"60220, 60221, 60222",TRUE,TRUE,FALSE,,Progress,TRUE,
b_0,6023,바에라23,Main,HeroScenario,0,FALSE,TRUE,FALSE,FALSE,6024,101,QuestTitle_6023,QuestDesc_1,1023,"60230, 60231, 60232",TRUE,TRUE,FALSE,,Progress,TRUE,
b_0,6024,바에라24,Main,HeroScenario,0,FALSE,TRUE,FALSE,FALSE,6025,101,QuestTitle_6024,QuestDesc_1,1024,"60240, 60241, 60242",TRUE,TRUE,FALSE,,Progress,TRUE,
b_0,6025,바에라25,Main,HeroScenario,0,FALSE,TRUE,FALSE,FALSE,6027,101,QuestTitle_6025,QuestDesc_1,1025,"60250, 60251, 60252",TRUE,TRUE,FALSE,,Progress,TRUE,
b_0,6027,바에라26,Main,HeroScenario,0,FALSE,FALSE,FALSE,FALSE,6028,101,QuestTitle_6027,QuestDesc_1,1026,60270,TRUE,TRUE,FALSE,,Progress,TRUE,
b_0,6028,바에라27,Main,HeroScenario,0,FALSE,TRUE,FALSE,FALSE,6029,101,QuestTitle_6028,QuestDesc_1,1027,"60280, 60281, 60282",TRUE,TRUE,FALSE,,Progress,TRUE,
b_0,6029,바에라28,Main,HeroScenario,0,FALSE,TRUE,FALSE,FALSE,6030,101,QuestTitle_6029,QuestDesc_1,1028,"60290, 60291, 60292",TRUE,TRUE,FALSE,,Progress,TRUE,
b_0,6030,바에라29 - 인던,Main,HeroScenario,0,FALSE,TRUE,FALSE,FALSE,6031,101,QuestTitle_6030,QuestDesc_1,1029,"60300, 60301, 60302, 60303, 60304, 60305",TRUE,TRUE,FALSE,,Progress,FALSE,
b_0,6031,바에라30,Main,HeroScenario,0,FALSE,TRUE,FALSE,FALSE,6032,101,QuestTitle_6031,QuestDesc_1,1030,"60310, 60311, 60312",TRUE,TRUE,FALSE,,Progress,TRUE,
b_0,6032,바에라31 - 인던,Main,HeroScenario,0,FALSE,TRUE,FALSE,FALSE,6033,101,QuestTitle_6032,QuestDesc_1,1031,"60320, 60321, 60322, 60323, 60324, 60325",TRUE,TRUE,FALSE,,Progress,FALSE,
b_0,6033,바에라32,Main,HeroScenario,0,FALSE,FALSE,FALSE,FALSE,6034,101,QuestTitle_6033,QuestDesc_1,1032,60330,TRUE,TRUE,FALSE,,Progress,TRUE,
b_0,6034,바에라33,Main,HeroScenario,0,FALSE,TRUE,FALSE,FALSE,6035,101,QuestTitle_6034,QuestDesc_1,1033,"60340, 60341, 60342",TRUE,TRUE,FALSE,,Progress,TRUE,
b_0,6035,바에라34,Main,HeroScenario,0,FALSE,TRUE,FALSE,FALSE,6036,101,QuestTitle_6035,QuestDesc_1,1034,"60350, 60351, 60352",TRUE,TRUE,FALSE,,Progress,TRUE,
b_0,6036,바에라35,Main,HeroScenario,0,FALSE,TRUE,FALSE,FALSE,6037,101,QuestTitle_6036,QuestDesc_1,1035,"60360, 60361, 60362",TRUE,TRUE,FALSE,,Progress,TRUE,
b_0,6037,바에라36,Main,HeroScenario,0,FALSE,TRUE,FALSE,FALSE,6038,101,QuestTitle_6037,QuestDesc_1,1036,"60370, 60371, 60372",TRUE,TRUE,FALSE,,Progress,TRUE,
b_0,6038,바에라37,Main,HeroScenario,0,FALSE,TRUE,FALSE,FALSE,6039,101,QuestTitle_6038,QuestDesc_1,1037,"60380, 60381, 60382",TRUE,TRUE,FALSE,,Progress,TRUE,
b_0,6039,바에라38,Main,HeroScenario,0,FALSE,TRUE,FALSE,FALSE,6040,101,QuestTitle_6039,QuestDesc_1,1038,"60390, 60391, 60392",TRUE,TRUE,FALSE,,Progress,TRUE,
b_0,6040,바에라39,Main,HeroScenario,0,FALSE,FALSE,FALSE,FALSE,6041,101,QuestTitle_6040,QuestDesc_1,1039,60400,TRUE,TRUE,FALSE,,Progress,TRUE,
b_0,6041,바에라40,Main,HeroScenario,0,FALSE,TRUE,FALSE,FALSE,6042,101,QuestTitle_6041,QuestDesc_1,1040,"60410, 60411",TRUE,TRUE,FALSE,,Progress,TRUE,
b_0,6042,바에라41,Main,HeroScenario,0,FALSE,TRUE,FALSE,FALSE,6043,101,QuestTitle_6042,QuestDesc_1,1041,"60420, 60421",TRUE,TRUE,FALSE,,Progress,TRUE,
b_0,6043,바에라42 - 인던,Main,HeroScenario,0,FALSE,TRUE,FALSE,FALSE,6044,101,QuestTitle_6043,QuestDesc_1,1042,"60430, 60431, 60432, 60433, 60434, 60435",TRUE,TRUE,FALSE,,Progress,FALSE,
b_0,6044,바에라43 ,Main,HeroScenario,0,FALSE,TRUE,FALSE,FALSE,6045,101,QuestTitle_6044,QuestDesc_1,1043,"60440, 60441",TRUE,TRUE,FALSE,,Progress,TRUE,
b_0,6045,바에라44,Main,HeroScenario,0,FALSE,TRUE,FALSE,FALSE,6046,101,QuestTitle_6045,QuestDesc_1,1044,"60450, 60451, 60452",TRUE,TRUE,FALSE,,Progress,TRUE,
b_0,6046,바에라45,Main,HeroScenario,0,FALSE,TRUE,FALSE,FALSE,6047,101,QuestTitle_6046,QuestDesc_1,1045,"60460, 60461, 60462",TRUE,TRUE,FALSE,,Progress,TRUE,
b_0,6047,바에라46,Main,HeroScenario,0,FALSE,TRUE,FALSE,FALSE,6048,101,QuestTitle_6047,QuestDesc_1,1046,"60470, 60471, 60472",TRUE,TRUE,FALSE,,Progress,TRUE,
b_0,6048,바에라47,Main,HeroScenario,0,FALSE,TRUE,FALSE,FALSE,6049,101,QuestTitle_6048,QuestDesc_1,1047,"60480, 60481, 60482",TRUE,TRUE,FALSE,,Progress,TRUE,
b_0,6049,바에라48,Main,HeroScenario,0,FALSE,TRUE,FALSE,FALSE,6050,101,QuestTitle_6049,QuestDesc_1,1048,"60490, 60491, 60492",TRUE,TRUE,FALSE,,Progress,TRUE,
b_0,6050,바에라49,Main,HeroScenario,0,FALSE,TRUE,FALSE,FALSE,6051,101,QuestTitle_6050,QuestDesc_1,1049,"60500, 60501, 60502",TRUE,TRUE,FALSE,,Progress,TRUE,
b_0,6051,바에라50,Main,HeroScenario,0,FALSE,FALSE,FALSE,FALSE,0,101,QuestTitle_6051,QuestDesc_1,1050,60510,TRUE,TRUE,FALSE,,Progress,TRUE,
b_0,8000,나리1,Main,HeroScenario,0,FALSE,FALSE,FALSE,FALSE,8001,101,QuestTitle_8000,QuestDesc_1,1001,80000,TRUE,TRUE,FALSE,,Progress,TRUE,
b_0,8001,나리2 - 인던,Main,HeroScenario,0,FALSE,TRUE,FALSE,FALSE,"8002, 300",101,QuestTitle_8001,QuestDesc_1,1002,"80010, 80011, 80012, 80013, 80014, 80015",TRUE,TRUE,FALSE,,Progress,FALSE,
b_0,8002,나리3,Main,HeroScenario,0,FALSE,TRUE,FALSE,FALSE,8003,101,QuestTitle_8002,QuestDesc_1,1003,"80020, 80021, 80022, 80023",TRUE,TRUE,FALSE,,Progress,TRUE,
b_0,8003,나리4,Main,HeroScenario,0,FALSE,TRUE,FALSE,FALSE,8004,101,QuestTitle_8003,QuestDesc_1,1004,"80030, 80031, 80032, 80033, 80034",TRUE,TRUE,FALSE,,Progress,TRUE,
b_0,8004,나리5,Main,HeroScenario,0,FALSE,TRUE,FALSE,FALSE,8005,101,QuestTitle_8004,QuestDesc_1,1005,"80040, 80041, 80042, 80043",TRUE,TRUE,FALSE,,Progress,TRUE,
b_0,8005,나리6,Main,HeroScenario,0,FALSE,FALSE,FALSE,FALSE,8006,101,QuestTitle_8005,QuestDesc_1,1006,80050,TRUE,TRUE,FALSE,,Progress,TRUE,
b_0,8006,나리7,Main,HeroScenario,0,FALSE,TRUE,FALSE,FALSE,8007,101,QuestTitle_8006,QuestDesc_1,1007,"80060, 80061, 80062, 80063",TRUE,TRUE,FALSE,,Progress,TRUE,
b_0,8007,나리8,Main,HeroScenario,0,FALSE,TRUE,FALSE,FALSE,8008,101,QuestTitle_8007,QuestDesc_1,1008,"80070, 80071, 80072",TRUE,TRUE,FALSE,,Progress,TRUE,
b_0,8008,나리9,Main,HeroScenario,0,FALSE,TRUE,FALSE,FALSE,8009,101,QuestTitle_8008,QuestDesc_1,1009,"80080, 80081, 80082",TRUE,TRUE,FALSE,,Progress,TRUE,
b_0,8009,나리10,Main,HeroScenario,0,FALSE,TRUE,FALSE,FALSE,8010,101,QuestTitle_8009,QuestDesc_1,1010,"80090, 80091, 80092",TRUE,TRUE,FALSE,,Progress,TRUE,
b_0,8010,나리11,Main,HeroScenario,0,FALSE,TRUE,FALSE,FALSE,8012,101,QuestTitle_8010,QuestDesc_1,1011,"80100, 80101, 80102",TRUE,TRUE,FALSE,,Progress,TRUE,
b_0,8012,나리12 - 인던,Main,HeroScenario,0,FALSE,TRUE,FALSE,FALSE,8013,101,QuestTitle_8012,QuestDesc_1,1012,"80120, 80121, 80122, 80123, 80124, 80125",TRUE,TRUE,FALSE,,Progress,FALSE,
b_0,8013,나리13,Main,HeroScenario,0,FALSE,FALSE,FALSE,FALSE,8014,101,QuestTitle_8013,QuestDesc_1,1013,80130,TRUE,TRUE,FALSE,,Progress,TRUE,
b_0,8014,나리14,Main,HeroScenario,0,FALSE,TRUE,FALSE,FALSE,8015,101,QuestTitle_8014,QuestDesc_1,1014,"80140, 80141, 80142",TRUE,TRUE,FALSE,,Progress,TRUE,
b_0,8015,나리15,Main,HeroScenario,0,FALSE,TRUE,FALSE,FALSE,8016,101,QuestTitle_8015,QuestDesc_1,1015,"80150, 80151",TRUE,TRUE,FALSE,,Progress,TRUE,
b_0,8016,나리16,Main,HeroScenario,0,FALSE,FALSE,FALSE,FALSE,8017,101,QuestTitle_8016,QuestDesc_1,1016,80160,TRUE,TRUE,FALSE,,Progress,TRUE,
b_0,8017,나리17,Main,HeroScenario,0,FALSE,FALSE,FALSE,FALSE,8018,101,QuestTitle_8017,QuestDesc_1,1017,80170,TRUE,TRUE,FALSE,,Progress,TRUE,
b_0,8018,나리18,Main,HeroScenario,0,FALSE,FALSE,FALSE,FALSE,8019,101,QuestTitle_8018,QuestDesc_1,1018,80180,TRUE,TRUE,FALSE,,Progress,TRUE,
b_0,8019,나리19,Main,HeroScenario,0,FALSE,FALSE,FALSE,FALSE,8020,101,QuestTitle_8019,QuestDesc_1,1019,80190,TRUE,TRUE,FALSE,,Progress,TRUE,
b_0,8020,나리20,Main,HeroScenario,0,FALSE,TRUE,FALSE,FALSE,8021,101,QuestTitle_8020,QuestDesc_1,1020,"80200, 80201, 80202",TRUE,TRUE,FALSE,,Progress,TRUE,
b_0,8021,나리21,Main,HeroScenario,0,FALSE,TRUE,FALSE,FALSE,8022,101,QuestTitle_8021,QuestDesc_1,1021,"80210, 80211, 80212",TRUE,TRUE,FALSE,,Progress,TRUE,
b_0,8022,나리22,Main,HeroScenario,0,FALSE,TRUE,FALSE,FALSE,8023,101,QuestTitle_8022,QuestDesc_1,1022,"80220, 80221, 80222",TRUE,TRUE,FALSE,,Progress,TRUE,
b_0,8023,나리23,Main,HeroScenario,0,FALSE,TRUE,FALSE,FALSE,8024,101,QuestTitle_8023,QuestDesc_1,1023,"80230, 80231, 80232",TRUE,TRUE,FALSE,,Progress,TRUE,
b_0,8024,나리24,Main,HeroScenario,0,FALSE,TRUE,FALSE,FALSE,8025,101,QuestTitle_8024,QuestDesc_1,1024,"80240, 80241, 80242",TRUE,TRUE,FALSE,,Progress,TRUE,
b_0,8025,나리25,Main,HeroScenario,0,FALSE,TRUE,FALSE,FALSE,8027,101,QuestTitle_8025,QuestDesc_1,1025,"80250, 80251, 80252",TRUE,TRUE,FALSE,,Progress,TRUE,
b_0,8027,나리27,Main,HeroScenario,0,FALSE,FALSE,FALSE,FALSE,8028,101,QuestTitle_8027,QuestDesc_1,1026,80270,TRUE,TRUE,FALSE,,Progress,TRUE,
b_0,8028,나리28 - 인던,Main,HeroScenario,0,FALSE,TRUE,FALSE,FALSE,8029,101,QuestTitle_8028,QuestDesc_1,1027,"80280, 80281, 80282, 80283, 80284, 80285",TRUE,TRUE,FALSE,,Progress,FALSE,
b_0,8029,나리29,Main,HeroScenario,0,FALSE,FALSE,FALSE,FALSE,8030,101,QuestTitle_8029,QuestDesc_1,1028,80290,TRUE,TRUE,FALSE,,Progress,TRUE,
b_0,8030,나리30 - 인던,Main,HeroScenario,0,FALSE,TRUE,FALSE,FALSE,8031,101,QuestTitle_8030,QuestDesc_1,1029,"80300, 80301, 80302, 80303, 80304",TRUE,TRUE,FALSE,,Progress,FALSE,
b_0,8031,나리31,Main,HeroScenario,0,FALSE,FALSE,FALSE,FALSE,8032,101,QuestTitle_8031,QuestDesc_1,1030,80310,TRUE,TRUE,FALSE,,Progress,TRUE,
b_0,8032,나리32,Main,HeroScenario,0,FALSE,FALSE,FALSE,FALSE,8033,101,QuestTitle_8032,QuestDesc_1,1031,80320,TRUE,TRUE,FALSE,,Progress,TRUE,
b_0,8033,나리33,Main,HeroScenario,0,FALSE,FALSE,FALSE,FALSE,8034,101,QuestTitle_8033,QuestDesc_1,1032,80330,TRUE,TRUE,FALSE,,Progress,TRUE,
b_0,8034,나리34,Main,HeroScenario,0,FALSE,TRUE,FALSE,FALSE,8035,101,QuestTitle_8034,QuestDesc_1,1033,"80340, 80341, 80342",TRUE,TRUE,FALSE,,Progress,TRUE,
b_0,8035,나리35,Main,HeroScenario,0,FALSE,TRUE,FALSE,FALSE,8036,101,QuestTitle_8035,QuestDesc_1,1034,"80350, 80351, 80352",TRUE,TRUE,FALSE,,Progress,TRUE,
b_0,8036,나리36,Main,HeroScenario,0,FALSE,TRUE,FALSE,FALSE,8037,101,QuestTitle_8036,QuestDesc_1,1035,"80360, 80361, 80362",TRUE,TRUE,FALSE,,Progress,TRUE,
b_0,8037,나리37,Main,HeroScenario,0,FALSE,TRUE,FALSE,FALSE,8038,101,QuestTitle_8037,QuestDesc_1,1036,"80370, 80371, 80372",TRUE,TRUE,FALSE,,Progress,TRUE,
b_0,8038,나리38,Main,HeroScenario,0,FALSE,TRUE,FALSE,FALSE,8039,101,QuestTitle_8038,QuestDesc_1,1037,"80380, 80381, 80382",TRUE,TRUE,FALSE,,Progress,TRUE,
b_0,8039,나리39,Main,HeroScenario,0,FALSE,TRUE,FALSE,FALSE,8040,101,QuestTitle_8039,QuestDesc_1,1038,"80390, 80391, 80392",TRUE,TRUE,FALSE,,Progress,TRUE,
b_0,8040,나리40,Main,HeroScenario,0,FALSE,FALSE,FALSE,FALSE,8041,101,QuestTitle_8040,QuestDesc_1,1039,80400,TRUE,TRUE,FALSE,,Progress,TRUE,
b_0,8041,나리41,Main,HeroScenario,0,FALSE,FALSE,FALSE,FALSE,8042,101,QuestTitle_8041,QuestDesc_1,1040,80410,TRUE,TRUE,FALSE,,Progress,TRUE,
b_0,8042,나리42 - 인던,Main,HeroScenario,0,FALSE,TRUE,FALSE,FALSE,8043,101,QuestTitle_8042,QuestDesc_1,1041,"80420, 80421, 80422, 80423, 80424",TRUE,TRUE,FALSE,,Progress,FALSE,
b_0,8043,나리43,Main,HeroScenario,0,FALSE,TRUE,FALSE,FALSE,8044,101,QuestTitle_8043,QuestDesc_1,1042,"80430, 80431",TRUE,TRUE,FALSE,,Progress,TRUE,
b_0,8044,나리44,Main,HeroScenario,0,FALSE,TRUE,FALSE,FALSE,8045,101,QuestTitle_8044,QuestDesc_1,1043,"80440, 80441, 80442",TRUE,TRUE,FALSE,,Progress,TRUE,
b_0,8045,나리45,Main,HeroScenario,0,FALSE,TRUE,FALSE,FALSE,8046,101,QuestTitle_8045,QuestDesc_1,1044,"80450, 80451, 80452",TRUE,TRUE,FALSE,,Progress,TRUE,
b_0,8046,나리46,Main,HeroScenario,0,FALSE,TRUE,FALSE,FALSE,8047,101,QuestTitle_8046,QuestDesc_1,1045,"80460, 80461, 80462",TRUE,TRUE,FALSE,,Progress,TRUE,
b_0,8047,나리47,Main,HeroScenario,0,FALSE,TRUE,FALSE,FALSE,8048,101,QuestTitle_8047,QuestDesc_1,1046,"80470, 80471, 80472",TRUE,TRUE,FALSE,,Progress,TRUE,
b_0,8048,나리48,Main,HeroScenario,0,FALSE,TRUE,FALSE,FALSE,8049,101,QuestTitle_8048,QuestDesc_1,1047,"80480, 80481, 80482",TRUE,TRUE,FALSE,,Progress,TRUE,
b_0,8049,나리49,Main,HeroScenario,0,FALSE,TRUE,FALSE,FALSE,8050,101,QuestTitle_8049,QuestDesc_1,1048,"80490, 80491, 80492",TRUE,TRUE,FALSE,,Progress,TRUE,
b_0,8050,나리50,Main,HeroScenario,0,FALSE,FALSE,FALSE,FALSE,0,101,QuestTitle_8050,QuestDesc_1,1049,80500,TRUE,TRUE,FALSE,,Progress,TRUE,
b_0,9000,코야1 - 인던,Main,HeroScenario,0,FALSE,TRUE,FALSE,FALSE,9001,101,QuestTitle_9000,QuestDesc_1,1001,"90000, 90001, 90002, 90003, 90004, 90005",TRUE,TRUE,FALSE,,Progress,FALSE,
b_0,9001,코야2,Main,HeroScenario,0,FALSE,TRUE,FALSE,FALSE,"9002, 600",101,QuestTitle_9001,QuestDesc_1,1002,"90010, 90011, 90012",TRUE,TRUE,FALSE,,Progress,TRUE,
b_0,9002,코야3,Main,HeroScenario,0,FALSE,TRUE,FALSE,FALSE,9003,101,QuestTitle_9002,QuestDesc_1,1003,"90020, 90021, 90022, 90023",TRUE,TRUE,FALSE,,Progress,TRUE,
b_0,9003,코야4,Main,HeroScenario,0,FALSE,FALSE,FALSE,FALSE,9004,101,QuestTitle_9003,QuestDesc_1,1004,90030,TRUE,TRUE,FALSE,,Progress,TRUE,
b_0,9004,코야5,Main,HeroScenario,0,FALSE,TRUE,FALSE,FALSE,9005,101,QuestTitle_9004,QuestDesc_1,1005,"90040, 90041, 90042",TRUE,TRUE,FALSE,,Progress,TRUE,
b_0,9005,코야6,Main,HeroScenario,0,FALSE,TRUE,FALSE,FALSE,9006,101,QuestTitle_9005,QuestDesc_1,1006,"90050, 90051, 90052, 90053",TRUE,TRUE,FALSE,,Progress,TRUE,
b_0,9006,코야7,Main,HeroScenario,0,FALSE,FALSE,FALSE,FALSE,9007,101,QuestTitle_9006,QuestDesc_1,1007,90060,TRUE,TRUE,FALSE,,Progress,TRUE,
b_0,9007,코야8,Main,HeroScenario,0,FALSE,TRUE,FALSE,FALSE,9008,101,QuestTitle_9007,QuestDesc_1,1008,"90070, 90071, 90072, 90073, 90074",TRUE,TRUE,FALSE,,Progress,TRUE,
b_0,9008,코야9,Main,HeroScenario,0,FALSE,TRUE,FALSE,FALSE,9009,101,QuestTitle_9008,QuestDesc_1,1009,"90080, 90081, 90082",TRUE,TRUE,FALSE,,Progress,TRUE,
b_0,9009,코야10,Main,HeroScenario,0,FALSE,TRUE,FALSE,FALSE,9010,101,QuestTitle_9009,QuestDesc_1,1010,"90090, 90091, 90092",TRUE,TRUE,FALSE,,Progress,TRUE,
b_0,9010,코야11,Main,HeroScenario,0,FALSE,TRUE,FALSE,FALSE,9011,101,QuestTitle_9010,QuestDesc_1,1011,"90100, 90101, 90102",TRUE,TRUE,FALSE,,Progress,TRUE,
b_0,9011,코야12,Main,HeroScenario,0,FALSE,TRUE,FALSE,FALSE,9012,101,QuestTitle_9011,QuestDesc_1,1012,"90110, 90111, 90112",TRUE,TRUE,FALSE,,Progress,TRUE,
b_0,9012,코야13,Main,HeroScenario,0,FALSE,FALSE,FALSE,FALSE,9013,101,QuestTitle_9012,QuestDesc_1,1013,90120,TRUE,TRUE,FALSE,,Progress,TRUE,
b_0,9013,코야14 - 인던,Main,HeroScenario,0,FALSE,TRUE,FALSE,FALSE,9014,101,QuestTitle_9013,QuestDesc_1,1014,"90130, 90131, 90132, 90133, 90134, 90135",TRUE,TRUE,FALSE,,Progress,FALSE,
b_0,9014,코야15,Main,HeroScenario,0,FALSE,TRUE,FALSE,FALSE,9015,101,QuestTitle_9014,QuestDesc_1,1015,"90140, 90141, 90142",TRUE,TRUE,FALSE,,Progress,TRUE,
b_0,9015,코야16,Main,HeroScenario,0,FALSE,TRUE,FALSE,FALSE,9016,101,QuestTitle_9015,QuestDesc_1,1016,"90150, 90151, 90152, 90153, 90154",TRUE,TRUE,FALSE,,Progress,TRUE,
b_0,9016,코야17,Main,HeroScenario,0,FALSE,TRUE,FALSE,FALSE,9017,101,QuestTitle_9016,QuestDesc_1,1017,"90160, 90161",TRUE,TRUE,FALSE,,Progress,TRUE,
b_0,9017,코야18,Main,HeroScenario,0,FALSE,TRUE,FALSE,FALSE,9018,101,QuestTitle_9017,QuestDesc_1,1018,"90170, 90171",TRUE,TRUE,FALSE,,Progress,TRUE,
b_0,9018,코야19,Main,HeroScenario,0,FALSE,TRUE,FALSE,FALSE,9019,101,QuestTitle_9018,QuestDesc_1,1019,"90180, 90181",TRUE,TRUE,FALSE,,Progress,TRUE,
b_0,9019,코야20,Main,HeroScenario,0,FALSE,TRUE,FALSE,FALSE,9020,101,QuestTitle_9019,QuestDesc_1,1020,"90190, 90191, 90192",TRUE,TRUE,FALSE,,Progress,TRUE,
b_0,9020,코야21,Main,HeroScenario,0,FALSE,TRUE,FALSE,FALSE,9021,101,QuestTitle_9020,QuestDesc_1,1021,"90200, 90201, 90202",TRUE,TRUE,FALSE,,Progress,TRUE,
b_0,9021,코야22,Main,HeroScenario,0,FALSE,TRUE,FALSE,FALSE,9022,101,QuestTitle_9021,QuestDesc_1,1022,"90210, 90211, 90212",TRUE,TRUE,FALSE,,Progress,TRUE,
b_0,9022,코야23,Main,HeroScenario,0,FALSE,TRUE,FALSE,FALSE,9023,101,QuestTitle_9022,QuestDesc_1,1023,"90220, 90221, 90222",TRUE,TRUE,FALSE,,Progress,TRUE,
b_0,9023,코야24,Main,HeroScenario,0,FALSE,TRUE,FALSE,FALSE,9024,101,QuestTitle_9023,QuestDesc_1,1024,"90230, 90231, 90232",TRUE,TRUE,FALSE,,Progress,TRUE,
b_0,9024,코야25,Main,HeroScenario,0,FALSE,TRUE,FALSE,FALSE,9025,101,QuestTitle_9024,QuestDesc_1,1025,"90240, 90241, 90242",TRUE,TRUE,FALSE,,Progress,TRUE,
b_0,9025,코야26,Main,HeroScenario,0,FALSE,FALSE,FALSE,FALSE,9026,101,QuestTitle_9025,QuestDesc_1,1026,90250,TRUE,TRUE,FALSE,,Progress,TRUE,
b_0,9026,코야27,Main,HeroScenario,0,FALSE,TRUE,FALSE,FALSE,9027,101,QuestTitle_9026,QuestDesc_1,1027,"90260, 90261, 90262",TRUE,TRUE,FALSE,,Progress,TRUE,
b_0,9027,코야28,Main,HeroScenario,0,FALSE,TRUE,FALSE,FALSE,9028,101,QuestTitle_9027,QuestDesc_1,1028,"90270, 90271, 90272",TRUE,TRUE,FALSE,,Progress,TRUE,
b_0,9028,코야29 - 인던,Main,HeroScenario,0,FALSE,TRUE,FALSE,FALSE,9029,101,QuestTitle_9028,QuestDesc_1,1029,"90280, 90281, 90282, 90283, 90284, 90285",TRUE,TRUE,FALSE,,Progress,FALSE,
b_0,9029,코야30,Main,HeroScenario,0,FALSE,TRUE,FALSE,FALSE,9030,101,QuestTitle_9029,QuestDesc_1,1030,"90290, 90291, 90292",TRUE,TRUE,FALSE,,Progress,TRUE,
b_0,9030,코야31 - 인던,Main,HeroScenario,0,FALSE,TRUE,FALSE,FALSE,9031,101,QuestTitle_9030,QuestDesc_1,1031,"90300, 90301, 90302, 90303, 90304, 90305",TRUE,TRUE,FALSE,,Progress,FALSE,
b_0,9031,코야32,Main,HeroScenario,0,FALSE,FALSE,FALSE,FALSE,9032,101,QuestTitle_9031,QuestDesc_1,1032,90310,TRUE,TRUE,FALSE,,Progress,TRUE,
b_0,9032,코야33,Main,HeroScenario,0,FALSE,TRUE,FALSE,FALSE,9033,101,QuestTitle_9032,QuestDesc_1,1033,"90320, 90321, 90322",TRUE,TRUE,FALSE,,Progress,TRUE,
b_0,9033,코야34,Main,HeroScenario,0,FALSE,TRUE,FALSE,FALSE,9034,101,QuestTitle_9033,QuestDesc_1,1034,"90330, 90331, 90332",TRUE,TRUE,FALSE,,Progress,TRUE,
b_0,9034,코야35,Main,HeroScenario,0,FALSE,TRUE,FALSE,FALSE,9035,101,QuestTitle_9034,QuestDesc_1,1035,"90340, 90341, 90342",TRUE,TRUE,FALSE,,Progress,TRUE,
b_0,9035,코야36,Main,HeroScenario,0,FALSE,TRUE,FALSE,FALSE,9036,101,QuestTitle_9035,QuestDesc_1,1036,"90350, 90351, 90352",TRUE,TRUE,FALSE,,Progress,TRUE,
b_0,9036,코야37,Main,HeroScenario,0,FALSE,TRUE,FALSE,FALSE,9037,101,QuestTitle_9036,QuestDesc_1,1037,"90360, 90361, 90362",TRUE,TRUE,FALSE,,Progress,TRUE,
b_0,9037,코야38,Main,HeroScenario,0,FALSE,TRUE,FALSE,FALSE,9038,101,QuestTitle_9037,QuestDesc_1,1038,"90370, 90371, 90372",TRUE,TRUE,FALSE,,Progress,TRUE,
b_0,9038,코야39,Main,HeroScenario,0,FALSE,FALSE,FALSE,FALSE,9039,101,QuestTitle_9038,QuestDesc_1,1039,90380,TRUE,TRUE,FALSE,,Progress,TRUE,
b_0,9039,코야40,Main,HeroScenario,0,FALSE,TRUE,FALSE,FALSE,9040,101,QuestTitle_9039,QuestDesc_1,1040,"90390, 90391",TRUE,TRUE,FALSE,,Progress,TRUE,
b_0,9040,코야41,Main,HeroScenario,0,FALSE,TRUE,FALSE,FALSE,9041,101,QuestTitle_9040,QuestDesc_1,1041,"90400, 90401",TRUE,TRUE,FALSE,,Progress,TRUE,
b_0,9041,코야42 - 인던,Main,HeroScenario,0,FALSE,TRUE,FALSE,FALSE,9042,101,QuestTitle_9041,QuestDesc_1,1042,"90410, 90411, 90412, 90413, 90414, 90415",TRUE,TRUE,FALSE,,Progress,FALSE,
b_0,9042,코야43,Main,HeroScenario,0,FALSE,TRUE,FALSE,FALSE,9043,101,QuestTitle_9042,QuestDesc_1,1043,"90420, 90421",TRUE,TRUE,FALSE,,Progress,TRUE,
b_0,9043,코야44,Main,HeroScenario,0,FALSE,TRUE,FALSE,FALSE,9044,101,QuestTitle_9043,QuestDesc_1,1044,"90430, 90431, 90432",TRUE,TRUE,FALSE,,Progress,TRUE,
b_0,9044,코야45,Main,HeroScenario,0,FALSE,TRUE,FALSE,FALSE,9045,101,QuestTitle_9044,QuestDesc_1,1045,"90440, 90441, 90442",TRUE,TRUE,FALSE,,Progress,TRUE,
b_0,9045,코야46,Main,HeroScenario,0,FALSE,TRUE,FALSE,FALSE,9046,101,QuestTitle_9045,QuestDesc_1,1046,"90450, 90451, 90452",TRUE,TRUE,FALSE,,Progress,TRUE,
b_0,9046,코야47,Main,HeroScenario,0,FALSE,TRUE,FALSE,FALSE,9047,101,QuestTitle_9046,QuestDesc_1,1047,"90460, 90461, 90462",TRUE,TRUE,FALSE,,Progress,TRUE,
b_0,9047,코야48,Main,HeroScenario,0,FALSE,TRUE,FALSE,FALSE,9048,101,QuestTitle_9047,QuestDesc_1,1048,"90470, 90471, 90472",TRUE,TRUE,FALSE,,Progress,TRUE,
b_0,9048,코야49,Main,HeroScenario,0,FALSE,TRUE,FALSE,FALSE,9049,101,QuestTitle_9048,QuestDesc_1,1049,"90480, 90481, 90482",TRUE,TRUE,FALSE,,Progress,TRUE,
b_0,9049,코야50,Main,HeroScenario,0,FALSE,FALSE,FALSE,FALSE,0,101,QuestTitle_9049,QuestDesc_1,1050,90490,TRUE,TRUE,FALSE,,Progress,TRUE,
b_0,10000,엘레이아1 - 인던,Main,HeroScenario,0,FALSE,TRUE,FALSE,FALSE,10001,101,QuestTitle_10000,QuestDesc_1,1001,"100000, 100001, 100002, 100003, 100004, 100005",TRUE,TRUE,FALSE,,Progress,FALSE,
b_0,10001,엘레이아2,Main,HeroScenario,0,FALSE,TRUE,FALSE,FALSE,"10002, 600",101,QuestTitle_10001,QuestDesc_1,1002,"100010, 100011, 100012",TRUE,TRUE,FALSE,,Progress,TRUE,
b_0,10002,엘레이아3,Main,HeroScenario,0,FALSE,TRUE,FALSE,FALSE,10003,101,QuestTitle_10002,QuestDesc_1,1003,"100020, 100021, 100022, 100023",TRUE,TRUE,FALSE,,Progress,TRUE,
b_0,10003,엘레이아4,Main,HeroScenario,0,FALSE,FALSE,FALSE,FALSE,10004,101,QuestTitle_10003,QuestDesc_1,1004,100030,TRUE,TRUE,FALSE,,Progress,TRUE,
b_0,10004,엘레이아5,Main,HeroScenario,0,FALSE,TRUE,FALSE,FALSE,10005,101,QuestTitle_10004,QuestDesc_1,1005,"100040, 100041, 100042",TRUE,TRUE,FALSE,,Progress,TRUE,
b_0,10005,엘레이아6,Main,HeroScenario,0,FALSE,TRUE,FALSE,FALSE,10006,101,QuestTitle_10005,QuestDesc_1,1006,"100050, 100051, 100052, 100053",TRUE,TRUE,FALSE,,Progress,TRUE,
b_0,10006,엘레이아7,Main,HeroScenario,0,FALSE,FALSE,FALSE,FALSE,10007,101,QuestTitle_10006,QuestDesc_1,1007,100060,TRUE,TRUE,FALSE,,Progress,TRUE,
b_0,10007,엘레이아8,Main,HeroScenario,0,FALSE,TRUE,FALSE,FALSE,10008,101,QuestTitle_10007,QuestDesc_1,1008,"100070, 100071, 100072, 100073, 100074",TRUE,TRUE,FALSE,,Progress,TRUE,
b_0,10008,엘레이아9,Main,HeroScenario,0,FALSE,TRUE,FALSE,FALSE,10009,101,QuestTitle_10008,QuestDesc_1,1009,"100080, 100081, 100082",TRUE,TRUE,FALSE,,Progress,TRUE,
b_0,10009,엘레이아10,Main,HeroScenario,0,FALSE,TRUE,FALSE,FALSE,10010,101,QuestTitle_10009,QuestDesc_1,1010,"100090, 100091, 100092",TRUE,TRUE,FALSE,,Progress,TRUE,
b_0,10010,엘레이아11,Main,HeroScenario,0,FALSE,TRUE,FALSE,FALSE,10011,101,QuestTitle_10010,QuestDesc_1,1011,"100100, 100101, 100102",TRUE,TRUE,FALSE,,Progress,TRUE,
b_0,10011,엘레이아12,Main,HeroScenario,0,FALSE,TRUE,FALSE,FALSE,10012,101,QuestTitle_10011,QuestDesc_1,1012,"100110, 100111, 100112",TRUE,TRUE,FALSE,,Progress,TRUE,
b_0,10012,엘레이아13,Main,HeroScenario,0,FALSE,FALSE,FALSE,FALSE,10013,101,QuestTitle_10012,QuestDesc_1,1013,100120,TRUE,TRUE,FALSE,,Progress,TRUE,
b_0,10013,엘레이아14 - 인던,Main,HeroScenario,0,FALSE,TRUE,FALSE,FALSE,10014,101,QuestTitle_10013,QuestDesc_1,1014,"100130, 100131, 100132, 100133, 100134, 100135",TRUE,TRUE,FALSE,,Progress,FALSE,
b_0,10014,엘레이아15,Main,HeroScenario,0,FALSE,TRUE,FALSE,FALSE,10015,101,QuestTitle_10014,QuestDesc_1,1015,"100140, 100141, 100142",TRUE,TRUE,FALSE,,Progress,TRUE,
b_0,10015,엘레이아16,Main,HeroScenario,0,FALSE,TRUE,FALSE,FALSE,10016,101,QuestTitle_10015,QuestDesc_1,1016,"100150, 100151, 100152, 100153, 100154",TRUE,TRUE,FALSE,,Progress,TRUE,
b_0,10016,엘레이아17,Main,HeroScenario,0,FALSE,TRUE,FALSE,FALSE,10017,101,QuestTitle_10016,QuestDesc_1,1017,"100160, 100161",TRUE,TRUE,FALSE,,Progress,TRUE,
b_0,10017,엘레이아18,Main,HeroScenario,0,FALSE,TRUE,FALSE,FALSE,10018,101,QuestTitle_10017,QuestDesc_1,1018,"100170, 100171",TRUE,TRUE,FALSE,,Progress,TRUE,
b_0,10018,엘레이아19,Main,HeroScenario,0,FALSE,TRUE,FALSE,FALSE,10019,101,QuestTitle_10018,QuestDesc_1,1019,"100180, 100181",TRUE,TRUE,FALSE,,Progress,TRUE,
b_0,10019,엘레이아20,Main,HeroScenario,0,FALSE,TRUE,FALSE,FALSE,10020,101,QuestTitle_10019,QuestDesc_1,1020,"100190, 100191, 100192",TRUE,TRUE,FALSE,,Progress,TRUE,
b_0,10020,엘레이아21,Main,HeroScenario,0,FALSE,TRUE,FALSE,FALSE,10021,101,QuestTitle_10020,QuestDesc_1,1021,"100200, 100201, 100202",TRUE,TRUE,FALSE,,Progress,TRUE,
b_0,10021,엘레이아22,Main,HeroScenario,0,FALSE,TRUE,FALSE,FALSE,10022,101,QuestTitle_10021,QuestDesc_1,1022,"100210, 100211, 100212",TRUE,TRUE,FALSE,,Progress,TRUE,
b_0,10022,엘레이아23,Main,HeroScenario,0,FALSE,TRUE,FALSE,FALSE,10023,101,QuestTitle_10022,QuestDesc_1,1023,"100220, 100221, 100222",TRUE,TRUE,FALSE,,Progress,TRUE,
b_0,10023,엘레이아24,Main,HeroScenario,0,FALSE,TRUE,FALSE,FALSE,10024,101,QuestTitle_10023,QuestDesc_1,1024,"100230, 100231, 100232",TRUE,TRUE,FALSE,,Progress,TRUE,
b_0,10024,엘레이아25,Main,HeroScenario,0,FALSE,TRUE,FALSE,FALSE,10025,101,QuestTitle_10024,QuestDesc_1,1025,"100240, 100241, 100242",TRUE,TRUE,FALSE,,Progress,TRUE,
b_0,10025,엘레이아26,Main,HeroScenario,0,FALSE,FALSE,FALSE,FALSE,10026,101,QuestTitle_10025,QuestDesc_1,1026,100250,TRUE,TRUE,FALSE,,Progress,TRUE,
b_0,10026,엘레이아27,Main,HeroScenario,0,FALSE,TRUE,FALSE,FALSE,10027,101,QuestTitle_10026,QuestDesc_1,1027,"100260, 100261, 100262",TRUE,TRUE,FALSE,,Progress,TRUE,
b_0,10027,엘레이아28,Main,HeroScenario,0,FALSE,TRUE,FALSE,FALSE,10028,101,QuestTitle_10027,QuestDesc_1,1028,"100270, 100271, 100272",TRUE,TRUE,FALSE,,Progress,TRUE,
b_0,10028,엘레이아29 - 인던,Main,HeroScenario,0,FALSE,TRUE,FALSE,FALSE,10029,101,QuestTitle_10028,QuestDesc_1,1029,"100280, 100281, 100282, 100283, 100284, 100285",TRUE,TRUE,FALSE,,Progress,FALSE,
b_0,10029,엘레이아30,Main,HeroScenario,0,FALSE,TRUE,FALSE,FALSE,10030,101,QuestTitle_10029,QuestDesc_1,1030,"100290, 100291, 100292",TRUE,TRUE,FALSE,,Progress,TRUE,
b_0,10030,엘레이아31 - 인던,Main,HeroScenario,0,FALSE,TRUE,FALSE,FALSE,10031,101,QuestTitle_10030,QuestDesc_1,1031,"100300, 100301, 100302, 100303, 100304, 100305",TRUE,TRUE,FALSE,,Progress,FALSE,
b_0,10031,엘레이아32,Main,HeroScenario,0,FALSE,FALSE,FALSE,FALSE,10032,101,QuestTitle_10031,QuestDesc_1,1032,100310,TRUE,TRUE,FALSE,,Progress,TRUE,
b_0,10032,엘레이아33,Main,HeroScenario,0,FALSE,TRUE,FALSE,FALSE,10033,101,QuestTitle_10032,QuestDesc_1,1033,"100320, 100321, 100322",TRUE,TRUE,FALSE,,Progress,TRUE,
b_0,10033,엘레이아34,Main,HeroScenario,0,FALSE,TRUE,FALSE,FALSE,10034,101,QuestTitle_10033,QuestDesc_1,1034,"100330, 100331, 100332",TRUE,TRUE,FALSE,,Progress,TRUE,
b_0,10034,엘레이아35,Main,HeroScenario,0,FALSE,TRUE,FALSE,FALSE,10035,101,QuestTitle_10034,QuestDesc_1,1035,"100340, 100341, 100342",TRUE,TRUE,FALSE,,Progress,TRUE,
b_0,10035,엘레이아36,Main,HeroScenario,0,FALSE,TRUE,FALSE,FALSE,10036,101,QuestTitle_10035,QuestDesc_1,1036,"100350, 100351, 100352",TRUE,TRUE,FALSE,,Progress,TRUE,
b_0,10036,엘레이아37,Main,HeroScenario,0,FALSE,TRUE,FALSE,FALSE,10037,101,QuestTitle_10036,QuestDesc_1,1037,"100360, 100361, 100362",TRUE,TRUE,FALSE,,Progress,TRUE,
b_0,10037,엘레이아38,Main,HeroScenario,0,FALSE,TRUE,FALSE,FALSE,10038,101,QuestTitle_10037,QuestDesc_1,1038,"100370, 100371, 100372",TRUE,TRUE,FALSE,,Progress,TRUE,
b_0,10038,엘레이아39,Main,HeroScenario,0,FALSE,FALSE,FALSE,FALSE,10039,101,QuestTitle_10038,QuestDesc_1,1039,100380,TRUE,TRUE,FALSE,,Progress,TRUE,
b_0,10039,엘레이아40,Main,HeroScenario,0,FALSE,TRUE,FALSE,FALSE,10040,101,QuestTitle_10039,QuestDesc_1,1040,"100390, 100391",TRUE,TRUE,FALSE,,Progress,TRUE,
b_0,10040,엘레이아41,Main,HeroScenario,0,FALSE,TRUE,FALSE,FALSE,10041,101,QuestTitle_10040,QuestDesc_1,1041,"100400, 100401",TRUE,TRUE,FALSE,,Progress,TRUE,
b_0,10041,엘레이아42 - 인던,Main,HeroScenario,0,FALSE,TRUE,FALSE,FALSE,10042,101,QuestTitle_10041,QuestDesc_1,1042,"100410, 100411, 100412, 100413, 100414, 100415",TRUE,TRUE,FALSE,,Progress,FALSE,
b_0,10042,엘레이아43,Main,HeroScenario,0,FALSE,TRUE,FALSE,FALSE,10043,101,QuestTitle_10042,QuestDesc_1,1043,"100420, 100421",TRUE,TRUE,FALSE,,Progress,TRUE,
b_0,10043,엘레이아44,Main,HeroScenario,0,FALSE,TRUE,FALSE,FALSE,10044,101,QuestTitle_10043,QuestDesc_1,1044,"100430, 100431, 100432",TRUE,TRUE,FALSE,,Progress,TRUE,
b_0,10044,엘레이아45,Main,HeroScenario,0,FALSE,TRUE,FALSE,FALSE,10045,101,QuestTitle_10044,QuestDesc_1,1045,"100440, 100441, 100442",TRUE,TRUE,FALSE,,Progress,TRUE,
b_0,10045,엘레이아46,Main,HeroScenario,0,FALSE,TRUE,FALSE,FALSE,10046,101,QuestTitle_10045,QuestDesc_1,1046,"100450, 100451, 100452",TRUE,TRUE,FALSE,,Progress,TRUE,
b_0,10046,엘레이아47,Main,HeroScenario,0,FALSE,TRUE,FALSE,FALSE,10047,101,QuestTitle_10046,QuestDesc_1,1047,"100460, 100461, 100462",TRUE,TRUE,FALSE,,Progress,TRUE,
b_0,10047,엘레이아48,Main,HeroScenario,0,FALSE,TRUE,FALSE,FALSE,10048,101,QuestTitle_10047,QuestDesc_1,1048,"100470, 100471, 100472",TRUE,TRUE,FALSE,,Progress,TRUE,
b_0,10048,엘레이아49,Main,HeroScenario,0,FALSE,TRUE,FALSE,FALSE,10049,101,QuestTitle_10048,QuestDesc_1,1049,"100480, 100481, 100482",TRUE,TRUE,FALSE,,Progress,TRUE,
b_0,10049,엘레이아50,Main,HeroScenario,0,FALSE,FALSE,FALSE,FALSE,0,101,QuestTitle_10049,QuestDesc_1,1050,100490,TRUE,TRUE,FALSE,,Progress,TRUE,
